name,effector,protospacer,scaffold,extension
HEK3_2a_8,SpCas9H840A,GGCCCAGACTGAGCACGTGA,GTTTTAGAGCTAGAAATAGCAAGTTAAAATAAGGCTAGTCCGTTATCAACTTGAAAAAGTGGGACCGAGTCGGTCC,TCTGCCATCTCGTGCTCA
HEK3_2a_9,SpCas9H840A,GGCCCAGACTGAGCACGTGA,GTTTTAGAGCTAGAAATAGCAAGTTAAAATAAGGCTAGTCCGTTATCAACTTGAAAAAGTGGGACCGAGTCGGTCC,TCTGCCATCTCGTGCTCAG
HEK3_2a_10,SpCas9H840A,GGCCCAGACTGAGCACGTGA,GTTTTAGAGCTAGAAATAGCAAGTTAAAATAAGGCTAGTCCGTTATCAACTTGAAAAAGTGGGACCGAGTCGGTCC,TCTGCCATCTCGTGCTCAGT
HEK3_2a_11,SpCas9H840A,GGCCCAGACTGAGCACGTGA,GTTTTAGAGCTAGAAATAGCAAGTTAAAATAAGGCTAGTCCGTTATCAACTTGAAAAAGTGGGACCGAGTCGGTCC,TCTGCCATCTCGTGCTCAGTC
HEK3_2a_12,SpCas9H840A,GGCCCAGACTGAGCACGTGA,GTTTTAGAGCTAGAAATAGCAAGTTAAAATAAGGCTAGTCCGTTATCAACTTGAAAAAGTGGGACCGAGTCGGTCC,TCTGCCATCTCGTGCTCAGTCT
HEK3_2a_13,SpCas9H840A,GGCCCAGACTGAGCACGTGA,GTTTTAGAGCTAGAAATAGCAAGTTAAAATAAGGCTAGTCCGTTATCAACTTGAAAAAGTGGGACCGAGTCGGTCC,TCTGCCATCTCGTGCTCAGTCTG
HEK3_2a_14,SpCas9H840A,GGCCCAGACTGAGCACGTGA,GTTTTAGAGCTAGAAATAGCAAGTTAAAATAAGGCTAGTCCGTTATCAACTTGAAAAAGTGGGACCGAGTCGGTCC,TCTGCCATCTCGTGCTCAGTCTGG
HEK3_2a_15,SpCas9H840A,GGCCCAGACTGAGCACGTGA,GTTTTAGAGCTAGAAATAGCAAGTTAAAATAAGGCTAGTCCGTTATCAACTTGAAAAAGTGGGACCGAGTCGGTCC,TCTGCCATCTCGTGCTCAGTCTGGG
HEK3_2a_16,SpCas9H840A,GGCCCAGACTGAGCACGTGA,GTTTTAGAGCTAGAAATAGCAAGTTAAAATAAGGCTAGTCCGTTATCAACTTGAAAAAGTGGGACCGAGTCGGTCC,TCTGCCATCTCGTGCTCAGTCTGGGC
HEK3_2a_17,SpCas9H840A,GGCCCAGACTGAGCACGTGA,GTTTTAGAGCTAGAAATAGCAAGTTAAAATAAGGCTAGTCCGTTATCAACTTGAAAAAGTGGGACCGAGTCGGTCC,TCTGCCATCTCGTGCTCAGTCTGGGCC
EMX1_2a_9,SpCas9H840A,GAGTCCGAGCAGAAGAAGAA,GTTTTAGAGCTAGAAATAGCAAGTTAAAATAAGGCTAGTCCGTTATCAACTTGAAAAAGTGGCACCGAGTCGGTGC,ATGGGAGCACTTCTTCTTCTGC
EMX1_2a_10,SpCas9H840A,GAGTCCGAGCAGAAGAAGAA,GTTTTAGAGCTAGAAATAGCAAGTTAAAATAAGGCTAGTCCGTTATCAACTTGAAAAAGTGGCACCGAGTCGGTGC,ATGGGAGCACTTCTTCTTCTGCT
EMX1_2a_11,SpCas9H840A,GAGTCCGAGCAGAAGAAGAA,GTTTTAGAGCTAGAAATAGCAAGTTAAAATAAGGCTAGTCCGTTATCAACTTGAAAAAGTGGCACCGAGTCGGTGC,ATGGGAGCACTTCTTCTTCTGCTC
EMX1_2a_12,SpCas9H840A,GAGTCCGAGCAGAAGAAGAA,GTTTTAGAGCTAGAAATAGCAAGTTAAAATAAGGCTAGTCCGTTATCAACTTGAAAAAGTGGCACCGAGTCGGTGC,ATGGGAGCACTTCTTCTTCTGCTCG
EMX1_2a_13,SpCas9H840A,GAGTCCGAGCAGAAGAAGAA,GTTTTAGAGCTAGAAATAGCAAGTTAAAATAAGGCTAGTCCGTTATCAACTTGAAAAAGTGGCACCGAGTCGGTGC,ATGGGAGCACTTCTTCTTCTGCTCGG
EMX1_2a_14,SpCas9H840A,GAGTCCGAGCAGAAGAAGAA,GTTTTAGAGCTAGAAATAGCAAGTTAAAATAAGGCTAGTCCGTTATCAACTTGAAAAAGTGGCACCGAGTCGGTGC,ATGGGAGCACTTCTTCTTCTGCTCGGA
EMX1_2a_15,SpCas9H840A,GAGTCCGAGCAGAAGAAGAA,GTTTTAGAGCTAGAAATAGCAAGTTAAAATAAGGCTAGTCCGTTATCAACTTGAAAAAGTGGCACCGAGTCGGTGC,ATGGGAGCACTTCTTCTTCTGCTCGGAC
EMX1_2a_16,SpCas9H840A,GAGTCCGAGCAGAAGAAGAA,GTTTTAGAGCTAGAAATAGCAAGTTAAAATAAGGCTAGTCCGTTATCAACTTGAAAAAGTGGCACCGAGTCGGTGC,ATGGGAGCACTTCTTCTTCTGCTCGGACT
EMX1_2a_17,SpCas9H840A,GAGTCCGAGCAGAAGAAGAA,GTTTTAGAGCTAGAAATAGCAAGTTAAAATAAGGCTAGTCCGTTATCAACTTGAAAAAGTGGCACCGAGTCGGTGC,ATGGGAGCACTTCTTCTTCTGCTCGGACTC
FANCF_2a_8,SpCas9H840A,GGAATCCCTTCTGCAGCACC,GTTTTAGAGCTAGAAATAGCAAGTTAAAATAAGGCTAGTCCGTTATCAACTTGAAAAAGTGGCACCGAGTCGGTGC,GGAAAAGCGATCAAGGTGCTGCAGA
FANCF_2a_9,SpCas9H840A,GGAATCCCTTCTGCAGCACC,GTTTTAGAGCTAGAAATAGCAAGTTAAAATAAGGCTAGTCCGTTATCAACTTGAAAAAGTGGCACCGAGTCGGTGC,GGAAAAGCGATCAAGGTGCTGCAGAA
FANCF_2a_10,SpCas9H840A,GGAATCCCTTCTGCAGCACC,GTTTTAGAGCTAGAAATAGCAAGTTAAAATAAGGCTAGTCCGTTATCAACTTGAAAAAGTGGCACCGAGTCGGTGC,GGAAAAGCGATCAAGGTGCTGCAGAAG
FANCF_2a_11,SpCas9H840A,GGAATCCCTTCTGCAGCACC,GTTTTAGAGCTAGAAATAGCAAGTTAAAATAAGGCTAGTCCGTTATCAACTTGAAAAAGTGGCACCGAGTCGGTGC,GGAAAAGCGATCAAGGTGCTGCAGAAGG
FANCF_2a_12,SpCas9H840A,GGAATCCCTTCTGCAGCACC,GTTTTAGAGCTAGAAATAGCAAGTTAAAATAAGGCTAGTCCGTTATCAACTTGAAAAAGTGGCACCGAGTCGGTGC,GGAAAAGCGATCAAGGTGCTGCAGAAGGG
FANCF_2a_13,SpCas9H840A,GGAATCCCTTCTGCAGCACC,GTTTTAGAGCTAGAAATAGCAAGTTAAAATAAGGCTAGTCCGTTATCAACTTGAAAAAGTGGCACCGAGTCGGTGC,GGAAAAGCGATCAAGGTGCTGCAGAAGGGA
FANCF_2a_14,SpCas9H840A,GGAATCCCTTCTGCAGCACC,GTTTTAGAGCTAGAAATAGCAAGTTAAAATAAGGCTAGTCCGTTATCAACTTGAAAAAGTGGCACCGAGTCGGTGC,GGAAAAGCGATCAAGGTGCTGCAGAAGGGAT
FANCF_2a_15,SpCas9H840A,GGAATCCCTTCTGCAGCACC,GTTTTAGAGCTAGAAATAGCAAGTTAAAATAAGGCTAGTCCGTTATCAACTTGAAAAAGTGGCACCGAGTCGGTGC,GGAAAAGCGATCAAGGTGCTGCAGAAGGGATT
FANCF_2a_16,SpCas9H840A,GGAATCCCTTCTGCAGCACC,GTTTTAGAGCTAGAAATAGCAAGTTAAAATAAGGCTAGTCCGTTATCAACTTGAAAAAGTGGCACCGAGTCGGTGC,GGAAAAGCGATCAAGGTGCTGCAGAAGGGATTC
FANCF_2a_17,SpCas9H840A,GGAATCCCTTCTGCAGCACC,GTTTTAGAGCTAGAAATAGCAAGTTAAAATAAGGCTAGTCCGTTATCAACTTGAAAAAGTGGCACCGAGTCGGTGC,GGAAAAGCGATCAAGGTGCTGCAGAAGGGATTCC
RNF2_2a_9,SpCas9H840A,GTCATCTTAGTCATTACCTG,GTTTTAGAGCTAGAAATAGCAAGTTAAAATAAGGCTAGTCCGTTATCAACTTGAAAAAGTGGCACCGAGTCGGTGC,GAACACCTCATGTAATGACT
RNF2_2a_10,SpCas9H840A,GTCATCTTAGTCATTACCTG,GTTTTAGAGCTAGAAATAGCAAGTTAAAATAAGGCTAGTCCGTTATCAACTTGAAAAAGTGGCACCGAGTCGGTGC,GAACACCTCATGTAATGACTA
RNF2_2a_11,SpCas9H840A,GTCATCTTAGTCATTACCTG,GTTTTAGAGCTAGAAATAGCAAGTTAAAATAAGGCTAGTCCGTTATCAACTTGAAAAAGTGGCACCGAGTCGGTGC,GAACACCTCATGTAATGACTAA
RNF2_2a_12,SpCas9H840A,GTCATCTTAGTCATTACCTG,GTTTTAGAGCTAGAAATAGCAAGTTAAAATAAGGCTAGTCCGTTATCAACTTGAAAAAGTGGCACCGAGTCGGTGC,GAACACCTCATGTAATGACTAAG
RNF2_2a_13,SpCas9H840A,GTCATCTTAGTCATTACCTG,GTTTTAGAGCTAGAAATAGCAAGTTAAAATAAGGCTAGTCCGTTATCAACTTGAAAAAGTGGCACCGAGTCGGTGC,GAACACCTCATGTAATGACTAAGA
RNF2_2a_14,SpCas9H840A,GTCATCTTAGTCATTACCTG,GTTTTAGAGCTAGAAATAGCAAGTTAAAATAAGGCTAGTCCGTTATCAACTTGAAAAAGTGGCACCGAGTCGGTGC,GAACACCTCATGTAATGACTAAGAT
RNF2_2a_15,SpCas9H840A,GTCATCTTAGTCATTACCTG,GTTTTAGAGCTAGAAATAGCAAGTTAAAATAAGGCTAGTCCGTTATCAACTTGAAAAAGTGGCACCGAGTCGGTGC,GAACACCTCATGTAATGACTAAGATG
RNF2_2a_16,SpCas9H840A,GTCATCTTAGTCATTACCTG,GTTTTAGAGCTAGAAATAGCAAGTTAAAATAAGGCTAGTCCGTTATCAACTTGAAAAAGTGGCACCGAGTCGGTGC,GAACACCTCATGTAATGACTAAGATGA
RNF2_2a_17,SpCas9H840A,GTCATCTTAGTCATTACCTG,GTTTTAGAGCTAGAAATAGCAAGTTAAAATAAGGCTAGTCCGTTATCAACTTGAAAAAGTGGCACCGAGTCGGTGC,GAACACCTCATGTAATGACTAAGATGAC
HEK4_2a_7,SpCas9H840A,GGCACTGCGGCTGGAGGTGG,GTTTTAGAGCTAGAAATAGCAAGTTAAAATAAGGCTAGTCCGTTATCAACTTGAAAAAGTGGCACCGAGTCGGTGC,GCTTTAACCCCAACCTCCAG
HEK4_2a_8,SpCas9H840A,GGCACTGCGGCTGGAGGTGG,GTTTTAGAGCTAGAAATAGCAAGTTAAAATAAGGCTAGTCCGTTATCAACTTGAAAAAGTGGCACCGAGTCGGTGC,GCTTTAACCCCAACCTCCAGC
HEK4_2a_9,SpCas9H840A,GGCACTGCGGCTGGAGGTGG,GTTTTAGAGCTAGAAATAGCAAGTTAAAATAAGGCTAGTCCGTTATCAACTTGAAAAAGTGGCACCGAGTCGGTGC,GCTTTAACCCCAACCTCCAGCC
HEK4_2a_10,SpCas9H840A,GGCACTGCGGCTGGAGGTGG,GTTTTAGAGCTAGAAATAGCAAGTTAAAATAAGGCTAGTCCGTTATCAACTTGAAAAAGTGGCACCGAGTCGGTGC,GCTTTAACCCCAACCTCCAGCCG
HEK4_2a_11,SpCas9H840A,GGCACTGCGGCTGGAGGTGG,GTTTTAGAGCTAGAAATAGCAAGTTAAAATAAGGCTAGTCCGTTATCAACTTGAAAAAGTGGCACCGAGTCGGTGC,GCTTTAACCCCAACCTCCAGCCGC
HEK4_2a_12,SpCas9H840A,GGCACTGCGGCTGGAGGTGG,GTTTTAGAGCTAGAAATAGCAAGTTAAAATAAGGCTAGTCCGTTATCAACTTGAAAAAGTGGCACCGAGTCGGTGC,GCTTTAACCCCAACCTCCAGCCGCA
HEK4_2a_13,SpCas9H840A,GGCACTGCGGCTGGAGGTGG,GTTTTAGAGCTAGAAATAGCAAGTTAAAATAAGGCTAGTCCGTTATCAACTTGAAAAAGTGGCACCGAGTCGGTGC,GCTTTAACCCCAACCTCCAGCCGCAG
HEK4_2a_14,SpCas9H840A,GGCACTGCGGCTGGAGGTGG,GTTTTAGAGCTAGAAATAGCAAGTTAAAATAAGGCTAGTCCGTTATCAACTTGAAAAAGTGGCACCGAGTCGGTGC,GCTTTAACCCCAACCTCCAGCCGCAGT
HEK4_2a_15,SpCas9H840A,GGCACTGCGGCTGGAGGTGG,GTTTTAGAGCTAGAAATAGCAAGTTAAAATAAGGCTAGTCCGTTATCAACTTGAAAAAGTGGCACCGAGTCGGTGC,GCTTTAACCCCAACCTCCAGCCGCAGTG
HEK3_2a_1Tdel,SpCas9H840A,GGCCCAGACTGAGCACGTGA,GTTTTAGAGCTAGAAATAGCAAGTTAAAATAAGGCTAGTCCGTTATCAACTTGAAAAAGTGGGACCGAGTCGGTCC,TCTGCCATCCGTGCTCAGTCTG
HEK3_2a_1Ains,SpCas9H840A,GGCCCAGACTGAGCACGTGA,GTTTTAGAGCTAGAAATAGCAAGTTAAAATAAGGCTAGTCCGTTATCAACTTGAAAAAGTGGGACCGAGTCGGTCC,TCTGCCATCATCGTGCTCAGTCTG
HEK3_2a_1CTTins,SpCas9H840A,GGCCCAGACTGAGCACGTGA,GTTTTAGAGCTAGAAATAGCAAGTTAAAATAAGGCTAGTCCGTTATCAACTTGAAAAAGTGGGACCGAGTCGGTCC,TCTGCCATCAAAGCGTGCTCAGTCTG
HEK3_2b_10,SpCas9H840A,GGCCCAGACTGAGCACGTGA,GTTTTAGAGCTAGAAATAGCAAGTTAAAATAAGGCTAGTCCGTTATCAACTTGAAAAAGTGGGACCGAGTCGGTCC,TCTGCCATCTCGTGCTCAGTCTG
HEK3_2b_11,SpCas9H840A,GGCCCAGACTGAGCACGTGA,GTTTTAGAGCTAGAAATAGCAAGTTAAAATAAGGCTAGTCCGTTATCAACTTGAAAAAGTGGGACCGAGTCGGTCC,CTCTGCCATCTCGTGCTCAGTCTG
HEK3_2b_12,SpCas9H840A,GGCCCAGACTGAGCACGTGA,GTTTTAGAGCTAGAAATAGCAAGTTAAAATAAGGCTAGTCCGTTATCAACTTGAAAAAGTGGGACCGAGTCGGTCC,CCTCTGCCATCTCGTGCTCAGTCTG
HEK3_2b_13,SpCas9H840A,GGCCCAGACTGAGCACGTGA,GTTTTAGAGCTAGAAATAGCAAGTTAAAATAAGGCTAGTCCGTTATCAACTTGAAAAAGTGGGACCGAGTCGGTCC,TCCTCTGCCATCTCGTGCTCAGTCTG
HEK3_2b_14,SpCas9H840A,GGCCCAGACTGAGCACGTGA,GTTTTAGAGCTAGAAATAGCAAGTTAAAATAAGGCTAGTCCGTTATCAACTTGAAAAAGTGGGACCGAGTCGGTCC,TTCCTCTGCCATCTCGTGCTCAGTCTG
HEK3_2b_15,SpCas9H840A,GGCCCAGACTGAGCACGTGA,GTTTTAGAGCTAGAAATAGCAAGTTAAAATAAGGCTAGTCCGTTATCAACTTGAAAAAGTGGGACCGAGTCGGTCC,TTTCCTCTGCCATCTCGTGCTCAGTCTG
HEK3_2b_16,SpCas9H840A,GGCCCAGACTGAGCACGTGA,GTTTTAGAGCTAGAAATAGCAAGTTAAAATAAGGCTAGTCCGTTATCAACTTGAAAAAGTGGGACCGAGTCGGTCC,CTTTCCTCTGCCATCTCGTGCTCAGTCTG
HEK3_2b_17,SpCas9H840A,GGCCCAGACTGAGCACGTGA,GTTTTAGAGCTAGAAATAGCAAGTTAAAATAAGGCTAGTCCGTTATCAACTTGAAAAAGTGGGACCGAGTCGGTCC,CCTTTCCTCTGCCATCTCGTGCTCAGTCTG
HEK3_2b_18,SpCas9H840A,GGCCCAGACTGAGCACGTGA,GTTTTAGAGCTAGAAATAGCAAGTTAAAATAAGGCTAGTCCGTTATCAACTTGAAAAAGTGGGACCGAGTCGGTCC,TCCTTTCCTCTGCCATCTCGTGCTCAGTCTG
HEK3_2b_19,SpCas9H840A,GGCCCAGACTGAGCACGTGA,GTTTTAGAGCTAGAAATAGCAAGTTAAAATAAGGCTAGTCCGTTATCAACTTGAAAAAGTGGGACCGAGTCGGTCC,TTCCTTTCCTCTGCCATCTCGTGCTCAGTCTG
HEK3_2b_20,SpCas9H840A,GGCCCAGACTGAGCACGTGA,GTTTTAGAGCTAGAAATAGCAAGTTAAAATAAGGCTAGTCCGTTATCAACTTGAAAAAGTGGGACCGAGTCGGTCC,CTTCCTTTCCTCTGCCATCTCGTGCTCAGTCTG
EMX1_2b_10,SpCas9H840A,GAGTCCGAGCAGAAGAAGAA,GTTTTAGAGCTAGAAATAGCAAGTTAAAATAAGGCTAGTCCGTTATCAACTTGAAAAAGTGGCACCGAGTCGGTGC,GGAGCCCTTGTTCTTCTGCTCGG
EMX1_2b_11,SpCas9H840A,GAGTCCGAGCAGAAGAAGAA,GTTTTAGAGCTAGAAATAGCAAGTTAAAATAAGGCTAGTCCGTTATCAACTTGAAAAAGTGGCACCGAGTCGGTGC,GGGAGCCCTTGTTCTTCTGCTCGG
EMX1_2b_12,SpCas9H840A,GAGTCCGAGCAGAAGAAGAA,GTTTTAGAGCTAGAAATAGCAAGTTAAAATAAGGCTAGTCCGTTATCAACTTGAAAAAGTGGCACCGAGTCGGTGC,TGGGAGCCCTTGTTCTTCTGCTCGG
EMX1_2b_13,SpCas9H840A,GAGTCCGAGCAGAAGAAGAA,GTTTTAGAGCTAGAAATAGCAAGTTAAAATAAGGCTAGTCCGTTATCAACTTGAAAAAGTGGCACCGAGTCGGTGC,ATGGGAGCCCTTGTTCTTCTGCTCGG
EMX1_2b_14,SpCas9H840A,GAGTCCGAGCAGAAGAAGAA,GTTTTAGAGCTAGAAATAGCAAGTTAAAATAAGGCTAGTCCGTTATCAACTTGAAAAAGTGGCACCGAGTCGGTGC,GATGGGAGCCCTTGTTCTTCTGCTCGG
EMX1_2b_15,SpCas9H840A,GAGTCCGAGCAGAAGAAGAA,GTTTTAGAGCTAGAAATAGCAAGTTAAAATAAGGCTAGTCCGTTATCAACTTGAAAAAGTGGCACCGAGTCGGTGC,TGATGGGAGCCCTTGTTCTTCTGCTCGG
EMX1_2b_16,SpCas9H840A,GAGTCCGAGCAGAAGAAGAA,GTTTTAGAGCTAGAAATAGCAAGTTAAAATAAGGCTAGTCCGTTATCAACTTGAAAAAGTGGCACCGAGTCGGTGC,GTGATGGGAGCCCTTGTTCTTCTGCTCGG
EMX1_2b_17,SpCas9H840A,GAGTCCGAGCAGAAGAAGAA,GTTTTAGAGCTAGAAATAGCAAGTTAAAATAAGGCTAGTCCGTTATCAACTTGAAAAAGTGGCACCGAGTCGGTGC,TGTGATGGGAGCCCTTGTTCTTCTGCTCGG
EMX1_2b_18,SpCas9H840A,GAGTCCGAGCAGAAGAAGAA,GTTTTAGAGCTAGAAATAGCAAGTTAAAATAAGGCTAGTCCGTTATCAACTTGAAAAAGTGGCACCGAGTCGGTGC,ATGTGATGGGAGCCCTTGTTCTTCTGCTCGG
EMX1_2b_19,SpCas9H840A,GAGTCCGAGCAGAAGAAGAA,GTTTTAGAGCTAGAAATAGCAAGTTAAAATAAGGCTAGTCCGTTATCAACTTGAAAAAGTGGCACCGAGTCGGTGC,GATGTGATGGGAGCCCTTGTTCTTCTGCTCGG
EMX1_2b_20,SpCas9H840A,GAGTCCGAGCAGAAGAAGAA,GTTTTAGAGCTAGAAATAGCAAGTTAAAATAAGGCTAGTCCGTTATCAACTTGAAAAAGTGGCACCGAGTCGGTGC,TGATGTGATGGGAGCCCTTGTTCTTCTGCTCGG
FANCF_2b_10,SpCas9H840A,GGAATCCCTTCTGCAGCACC,GTTTTAGAGCTAGAAATAGCAAGTTAAAATAAGGCTAGTCCGTTATCAACTTGAAAAAGTGGCACCGAGTCGGTGC,CGATCAAGGTGCTGCAGAAGGGA
FANCF_2b_11,SpCas9H840A,GGAATCCCTTCTGCAGCACC,GTTTTAGAGCTAGAAATAGCAAGTTAAAATAAGGCTAGTCCGTTATCAACTTGAAAAAGTGGCACCGAGTCGGTGC,GCGATCAAGGTGCTGCAGAAGGGA
FANCF_2b_12,SpCas9H840A,GGAATCCCTTCTGCAGCACC,GTTTTAGAGCTAGAAATAGCAAGTTAAAATAAGGCTAGTCCGTTATCAACTTGAAAAAGTGGCACCGAGTCGGTGC,AGCGATCAAGGTGCTGCAGAAGGGA
FANCF_2b_13,SpCas9H840A,GGAATCCCTTCTGCAGCACC,GTTTTAGAGCTAGAAATAGCAAGTTAAAATAAGGCTAGTCCGTTATCAACTTGAAAAAGTGGCACCGAGTCGGTGC,AAGCGATCAAGGTGCTGCAGAAGGGA
FANCF_2b_14,SpCas9H840A,GGAATCCCTTCTGCAGCACC,GTTTTAGAGCTAGAAATAGCAAGTTAAAATAAGGCTAGTCCGTTATCAACTTGAAAAAGTGGCACCGAGTCGGTGC,AAAGCGATCAAGGTGCTGCAGAAGGGA
FANCF_2b_15,SpCas9H840A,GGAATCCCTTCTGCAGCACC,GTTTTAGAGCTAGAAATAGCAAGTTAAAATAAGGCTAGTCCGTTATCAACTTGAAAAAGTGGCACCGAGTCGGTGC,AAAAGCGATCAAGGTGCTGCAGAAGGGA
FANCF_2b_16,SpCas9H840A,GGAATCCCTTCTGCAGCACC,GTTTTAGAGCTAGAAATAGCAAGTTAAAATAAGGCTAGTCCGTTATCAACTTGAAAAAGTGGCACCGAGTCGGTGC,GAAAAGCGATCAAGGTGCTGCAGAAGGGA
FANCF_2b_17,SpCas9H840A,GGAATCCCTTCTGCAGCACC,GTTTTAGAGCTAGAAATAGCAAGTTAAAATAAGGCTAGTCCGTTATCAACTTGAAAAAGTGGCACCGAGTCGGTGC,GGAAAAGCGATCAAGGTGCTGCAGAAGGGA
FANCF_2b_18,SpCas9H840A,GGAATCCCTTCTGCAGCACC,GTTTTAGAGCTAGAAATAGCAAGTTAAAATAAGGCTAGTCCGTTATCAACTTGAAAAAGTGGCACCGAGTCGGTGC,CGGAAAAGCGATCAAGGTGCTGCAGAAGGGA
FANCF_2b_19,SpCas9H840A,GGAATCCCTTCTGCAGCACC,GTTTTAGAGCTAGAAATAGCAAGTTAAAATAAGGCTAGTCCGTTATCAACTTGAAAAAGTGGCACCGAGTCGGTGC,TCGGAAAAGCGATCAAGGTGCTGCAGAAGGGA
FANCF_2b_20,SpCas9H840A,GGAATCCCTTCTGCAGCACC,GTTTTAGAGCTAGAAATAGCAAGTTAAAATAAGGCTAGTCCGTTATCAACTTGAAAAAGTGGCACCGAGTCGGTGC,CTCGGAAAAGCGATCAAGGTGCTGCAGAAGGGA
RNF2_2b_10,SpCas9H840A,GTCATCTTAGTCATTACCTG,GTTTTAGAGCTAGAAATAGCAAGTTAAAATAAGGCTAGTCCGTTATCAACTTGAAAAAGTGGCACCGAGTCGGTGC,AACACCTCATGTAATGACTAAGATG
RNF2_2b_11,SpCas9H840A,GTCATCTTAGTCATTACCTG,GTTTTAGAGCTAGAAATAGCAAGTTAAAATAAGGCTAGTCCGTTATCAACTTGAAAAAGTGGCACCGAGTCGGTGC,GAACACCTCATGTAATGACTAAGATG
RNF2_2b_12,SpCas9H840A,GTCATCTTAGTCATTACCTG,GTTTTAGAGCTAGAAATAGCAAGTTAAAATAAGGCTAGTCCGTTATCAACTTGAAAAAGTGGCACCGAGTCGGTGC,CGAACACCTCATGTAATGACTAAGATG
RNF2_2b_13,SpCas9H840A,GTCATCTTAGTCATTACCTG,GTTTTAGAGCTAGAAATAGCAAGTTAAAATAAGGCTAGTCCGTTATCAACTTGAAAAAGTGGCACCGAGTCGGTGC,ACGAACACCTCATGTAATGACTAAGATG
RNF2_2b_14,SpCas9H840A,GTCATCTTAGTCATTACCTG,GTTTTAGAGCTAGAAATAGCAAGTTAAAATAAGGCTAGTCCGTTATCAACTTGAAAAAGTGGCACCGAGTCGGTGC,AACGAACACCTCATGTAATGACTAAGATG
RNF2_2b_15,SpCas9H840A,GTCATCTTAGTCATTACCTG,GTTTTAGAGCTAGAAATAGCAAGTTAAAATAAGGCTAGTCCGTTATCAACTTGAAAAAGTGGCACCGAGTCGGTGC,CAACGAACACCTCATGTAATGACTAAGATG
RNF2_2b_16,SpCas9H840A,GTCATCTTAGTCATTACCTG,GTTTTAGAGCTAGAAATAGCAAGTTAAAATAAGGCTAGTCCGTTATCAACTTGAAAAAGTGGCACCGAGTCGGTGC,ACAACGAACACCTCATGTAATGACTAAGATG
RNF2_2b_17,SpCas9H840A,GTCATCTTAGTCATTACCTG,GTTTTAGAGCTAGAAATAGCAAGTTAAAATAAGGCTAGTCCGTTATCAACTTGAAAAAGTGGCACCGAGTCGGTGC,TACAACGAACACCTCATGTAATGACTAAGATG
RNF2_2b_18,SpCas9H840A,GTCATCTTAGTCATTACCTG,GTTTTAGAGCTAGAAATAGCAAGTTAAAATAAGGCTAGTCCGTTATCAACTTGAAAAAGTGGCACCGAGTCGGTGC,TTACAACGAACACCTCATGTAATGACTAAGATG
RNF2_2b_19,SpCas9H840A,GTCATCTTAGTCATTACCTG,GTTTTAGAGCTAGAAATAGCAAGTTAAAATAAGGCTAGTCCGTTATCAACTTGAAAAAGTGGCACCGAGTCGGTGC,GTTACAACGAACACCTCATGTAATGACTAAGATG
RNF2_2b_20,SpCas9H840A,GTCATCTTAGTCATTACCTG,GTTTTAGAGCTAGAAATAGCAAGTTAAAATAAGGCTAGTCCGTTATCAACTTGAAAAAGTGGCACCGAGTCGGTGC,AGTTACAACGAACACCTCATGTAATGACTAAGATG
HEK4_2b_7,SpCas9H840A,GGCACTGCGGCTGGAGGTGG,GTTTTAGAGCTAGAAATAGCAAGTTAAAATAAGGCTAGTCCGTTATCAACTTGAAAAAGTGGCACCGAGTCGGTGC,ACCCCAACCTCCAGCCGC
HEK4_2b_8,SpCas9H840A,GGCACTGCGGCTGGAGGTGG,GTTTTAGAGCTAGAAATAGCAAGTTAAAATAAGGCTAGTCCGTTATCAACTTGAAAAAGTGGCACCGAGTCGGTGC,AACCCCAACCTCCAGCCGC
HEK4_2b_9,SpCas9H840A,GGCACTGCGGCTGGAGGTGG,GTTTTAGAGCTAGAAATAGCAAGTTAAAATAAGGCTAGTCCGTTATCAACTTGAAAAAGTGGCACCGAGTCGGTGC,TAACCCCAACCTCCAGCCGC
HEK4_2b_10,SpCas9H840A,GGCACTGCGGCTGGAGGTGG,GTTTTAGAGCTAGAAATAGCAAGTTAAAATAAGGCTAGTCCGTTATCAACTTGAAAAAGTGGCACCGAGTCGGTGC,TTAACCCCAACCTCCAGCCGC
HEK4_2b_11,SpCas9H840A,GGCACTGCGGCTGGAGGTGG,GTTTTAGAGCTAGAAATAGCAAGTTAAAATAAGGCTAGTCCGTTATCAACTTGAAAAAGTGGCACCGAGTCGGTGC,TTTAACCCCAACCTCCAGCCGC
HEK4_2b_12,SpCas9H840A,GGCACTGCGGCTGGAGGTGG,GTTTTAGAGCTAGAAATAGCAAGTTAAAATAAGGCTAGTCCGTTATCAACTTGAAAAAGTGGCACCGAGTCGGTGC,CTTTAACCCCAACCTCCAGCCGC
HEK4_2b_13,SpCas9H840A,GGCACTGCGGCTGGAGGTGG,GTTTTAGAGCTAGAAATAGCAAGTTAAAATAAGGCTAGTCCGTTATCAACTTGAAAAAGTGGCACCGAGTCGGTGC,GCTTTAACCCCAACCTCCAGCCGC
HEK4_2b_14,SpCas9H840A,GGCACTGCGGCTGGAGGTGG,GTTTTAGAGCTAGAAATAGCAAGTTAAAATAAGGCTAGTCCGTTATCAACTTGAAAAAGTGGCACCGAGTCGGTGC,CGCTTTAACCCCAACCTCCAGCCGC
HEK4_2b_15,SpCas9H840A,GGCACTGCGGCTGGAGGTGG,GTTTTAGAGCTAGAAATAGCAAGTTAAAATAAGGCTAGTCCGTTATCAACTTGAAAAAGTGGCACCGAGTCGGTGC,CCGCTTTAACCCCAACCTCCAGCCGC
HEK4_2b_16,SpCas9H840A,GGCACTGCGGCTGGAGGTGG,GTTTTAGAGCTAGAAATAGCAAGTTAAAATAAGGCTAGTCCGTTATCAACTTGAAAAAGTGGCACCGAGTCGGTGC,TCCGCTTTAACCCCAACCTCCAGCCGC
HEK4_2b_17,SpCas9H840A,GGCACTGCGGCTGGAGGTGG,GTTTTAGAGCTAGAAATAGCAAGTTAAAATAAGGCTAGTCCGTTATCAACTTGAAAAAGTGGCACCGAGTCGGTGC,CTCCGCTTTAACCCCAACCTCCAGCCGC
HEK4_2b_18,SpCas9H840A,GGCACTGCGGCTGGAGGTGG,GTTTTAGAGCTAGAAATAGCAAGTTAAAATAAGGCTAGTCCGTTATCAACTTGAAAAAGTGGCACCGAGTCGGTGC,CTCCGCTTTAACCCCAACCTCCAGCCGC
HEK4_2b_19,SpCas9H840A,GGCACTGCGGCTGGAGGTGG,GTTTTAGAGCTAGAAATAGCAAGTTAAAATAAGGCTAGTCCGTTATCAACTTGAAAAAGTGGCACCGAGTCGGTGC,CTCCGCTTTAACCCCAACCTCCAGCCGC
RNF2_3b,SpCas9H840A,GTCATCTTAGTCATTACCTG,GTTTTAGAGCTAGAAATAGCAAGTTAAAATAAGGCTAGTCCGTTATCAACTTGAAAAAGTGGCACCGAGTCGGTGC,AACGAACACCTCATGTAATGACTAAGATG
EMX1_3b,SpCas9H840A,GAGTCCGAGCAGAAGAAGAA,GTTTTAGAGCTAGAAATAGCAAGTTAAAATAAGGCTAGTCCGTTATCAACTTGAAAAAGTGGCACCGAGTCGGTGC,ATGGGAGCACTTCTTCTTCTGCTCGGAC
FANCF_3b,SpCas9H840A,GGAATCCCTTCTGCAGCACC,GTTTTAGAGCTAGAAATAGCAAGTTAAAATAAGGCTAGTCCGTTATCAACTTGAAAAAGTGGCACCGAGTCGGTGC,GGAAAAGCGATCAAGGTGCTGCAGAAGGGATT
HEK3_3b,SpCas9H840A,GGCCCAGACTGAGCACGTGA,GTTTTAGAGCTAGAAATAGCAAGTTAAAATAAGGCTAGTCCGTTATCAACTTGAAAAAGTGGGACCGAGTCGGTCC,TCTGCCATGACGTGCTCAGTCTG
HEK4_3b,SpCas9H840A,GGCACTGCGGCTGGAGGTGG,GTTTTAGAGCTAGAAATAGCAAGTTAAAATAAGGCTAGTCCGTTATCAACTTGAAAAAGTGGCACCGAGTCGGTGC,TTAACCCCAACCTCCAGCC
RNF2_3c_4AtoC,SpCas9H840A,GTCATCTTAGTCATTACCTG,GTTTTAGAGCTAGAAATAGCAAGTTAAAATAAGGCTAGTCCGTTATCAACTTGAAAAAGTGGCACCGAGTCGGTGC,AACGAACACCGCAGGTAATGACTAAGATG
RNF2_3c_4AtoG,SpCas9H840A,GTCATCTTAGTCATTACCTG,GTTTTAGAGCTAGAAATAGCAAGTTAAAATAAGGCTAGTCCGTTATCAACTTGAAAAAGTGGCACCGAGTCGGTGC,AACGAACACCCCAGGTAATGACTAAGATG
FANCF_3c_5GtoT,SpCas9H840A,GGAATCCCTTCTGCAGCACC,GTTTTAGAGCTAGAAATAGCAAGTTAAAATAAGGCTAGTCCGTTATCAACTTGAAAAAGTGGCACCGAGTCGGTGC,GGAAAAGCGATCAAGGTGCTGCAGAAGGGA
FANCF_3c_7AtoC,SpCas9H840A,GGAATCCCTTCTGCAGCACC,GTTTTAGAGCTAGAAATAGCAAGTTAAAATAAGGCTAGTCCGTTATCAACTTGAAAAAGTGGCACCGAGTCGGTGC,GGAAAAGCGAGCCAGGTGCTGCAGAAGGGAT
HEK3_4a_1TtoA,SpCas9H840A,GGCCCAGACTGAGCACGTGA,GTTTTAGAGCTAGAAATAGCAAGTTAAAATAAGGCTAGTCCGTTATCAACTTGAAAAAGTGGGACCGAGTCGGTCC,TCTGCCATCTCGTGCTCAGTCTG
HEK3_4a_1TtoC,SpCas9H840A,GGCCCAGACTGAGCACGTGA,GTTTTAGAGCTAGAAATAGCAAGTTAAAATAAGGCTAGTCCGTTATCAACTTGAAAAAGTGGGACCGAGTCGGTCC,TCTGCCATCGCGTGCTCAGTCTG
HEK3_4a_1TtoG,SpCas9H840A,GGCCCAGACTGAGCACGTGA,GTTTTAGAGCTAGAAATAGCAAGTTAAAATAAGGCTAGTCCGTTATCAACTTGAAAAAGTGGGACCGAGTCGGTCC,TCTGCCATCCCGTGCTCAGTCTG
HEK3_4a_2GtoA,SpCas9H840A,GGCCCAGACTGAGCACGTGA,GTTTTAGAGCTAGAAATAGCAAGTTAAAATAAGGCTAGTCCGTTATCAACTTGAAAAAGTGGGACCGAGTCGGTCC,TCTGCCATTACGTGCTCAGTCTG
HEK3_4a_2GtoC,SpCas9H840A,GGCCCAGACTGAGCACGTGA,GTTTTAGAGCTAGAAATAGCAAGTTAAAATAAGGCTAGTCCGTTATCAACTTGAAAAAGTGGGACCGAGTCGGTCC,TCTGCCATGACGTGCTCAGTCTG
HEK3_4a_2GtoT,SpCas9H840A,GGCCCAGACTGAGCACGTGA,GTTTTAGAGCTAGAAATAGCAAGTTAAAATAAGGCTAGTCCGTTATCAACTTGAAAAAGTGGGACCGAGTCGGTCC,TCTGCCATAACGTGCTCAGTCTG
HEK3_4a_3AtoC,SpCas9H840A,GGCCCAGACTGAGCACGTGA,GTTTTAGAGCTAGAAATAGCAAGTTAAAATAAGGCTAGTCCGTTATCAACTTGAAAAAGTGGGACCGAGTCGGTCC,TCTGCCAGCACGTGCTCAGTCTG
HEK3_4a_3AtoG,SpCas9H840A,GGCCCAGACTGAGCACGTGA,GTTTTAGAGCTAGAAATAGCAAGTTAAAATAAGGCTAGTCCGTTATCAACTTGAAAAAGTGGGACCGAGTCGGTCC,TCTGCCACCACGTGCTCAGTCTG
HEK3_4a_3AtoT,SpCas9H840A,GGCCCAGACTGAGCACGTGA,GTTTTAGAGCTAGAAATAGCAAGTTAAAATAAGGCTAGTCCGTTATCAACTTGAAAAAGTGGGACCGAGTCGGTCC,TCTGCCAACACGTGCTCAGTCTG
HEK3_4a_4TtoA,SpCas9H840A,GGCCCAGACTGAGCACGTGA,GTTTTAGAGCTAGAAATAGCAAGTTAAAATAAGGCTAGTCCGTTATCAACTTGAAAAAGTGGGACCGAGTCGGTCC,TCTGCCTTCACGTGCTCAGTCTG
HEK3_4a_4TtoC,SpCas9H840A,GGCCCAGACTGAGCACGTGA,GTTTTAGAGCTAGAAATAGCAAGTTAAAATAAGGCTAGTCCGTTATCAACTTGAAAAAGTGGGACCGAGTCGGTCC,TCTGCCGTCACGTGCTCAGTCTG
HEK3_4a_4TtoG,SpCas9H840A,GGCCCAGACTGAGCACGTGA,GTTTTAGAGCTAGAAATAGCAAGTTAAAATAAGGCTAGTCCGTTATCAACTTGAAAAAGTGGGACCGAGTCGGTCC,TCTGCCCTCACGTGCTCAGTCTG
HEK3_4a_5GtoA,SpCas9H840A,GGCCCAGACTGAGCACGTGA,GTTTTAGAGCTAGAAATAGCAAGTTAAAATAAGGCTAGTCCGTTATCAACTTGAAAAAGTGGGACCGAGTCGGTCC,TCTGCTATCACGTGCTCAGTCTG
HEK3_4a_5GtoC,SpCas9H840A,GGCCCAGACTGAGCACGTGA,GTTTTAGAGCTAGAAATAGCAAGTTAAAATAAGGCTAGTCCGTTATCAACTTGAAAAAGTGGGACCGAGTCGGTCC,TCTGCGATCACGTGCTCAGTCTG
HEK3_4a_5GtoT,SpCas9H840A,GGCCCAGACTGAGCACGTGA,GTTTTAGAGCTAGAAATAGCAAGTTAAAATAAGGCTAGTCCGTTATCAACTTGAAAAAGTGGGACCGAGTCGGTCC,TCTGCAATCACGTGCTCAGTCTG
HEK3_4a_6GtoA,SpCas9H840A,GGCCCAGACTGAGCACGTGA,GTTTTAGAGCTAGAAATAGCAAGTTAAAATAAGGCTAGTCCGTTATCAACTTGAAAAAGTGGGACCGAGTCGGTCC,TCTGTCATCACGTGCTCAGTCTG
HEK3_4a_6GtoC,SpCas9H840A,GGCCCAGACTGAGCACGTGA,GTTTTAGAGCTAGAAATAGCAAGTTAAAATAAGGCTAGTCCGTTATCAACTTGAAAAAGTGGGACCGAGTCGGTCC,TCTGGCATCACGTGCTCAGTCTG
HEK3_4a_6GtoT,SpCas9H840A,GGCCCAGACTGAGCACGTGA,GTTTTAGAGCTAGAAATAGCAAGTTAAAATAAGGCTAGTCCGTTATCAACTTGAAAAAGTGGGACCGAGTCGGTCC,TCTGACATCACGTGCTCAGTCTG
HEK3_4a_7CtoA,SpCas9H840A,GGCCCAGACTGAGCACGTGA,GTTTTAGAGCTAGAAATAGCAAGTTAAAATAAGGCTAGTCCGTTATCAACTTGAAAAAGTGGGACCGAGTCGGTCC,TCTTCCATCACGTGCTCAGTCTG
HEK3_4a_7CtoG,SpCas9H840A,GGCCCAGACTGAGCACGTGA,GTTTTAGAGCTAGAAATAGCAAGTTAAAATAAGGCTAGTCCGTTATCAACTTGAAAAAGTGGGACCGAGTCGGTCC,TCTCCCATCACGTGCTCAGTCTG
HEK3_4a_7CtoT,SpCas9H840A,GGCCCAGACTGAGCACGTGA,GTTTTAGAGCTAGAAATAGCAAGTTAAAATAAGGCTAGTCCGTTATCAACTTGAAAAAGTGGGACCGAGTCGGTCC,TCTACCATCACGTGCTCAGTCTG
HEK3_4a_8AtoC,SpCas9H840A,GGCCCAGACTGAGCACGTGA,GTTTTAGAGCTAGAAATAGCAAGTTAAAATAAGGCTAGTCCGTTATCAACTTGAAAAAGTGGGACCGAGTCGGTCC,TCGGCCATCACGTGCTCAGTCTG
HEK3_4a_8AtoG,SpCas9H840A,GGCCCAGACTGAGCACGTGA,GTTTTAGAGCTAGAAATAGCAAGTTAAAATAAGGCTAGTCCGTTATCAACTTGAAAAAGTGGGACCGAGTCGGTCC,TCCGCCATCACGTGCTCAGTCTG
HEK3_4a_8AtoT,SpCas9H840A,GGCCCAGACTGAGCACGTGA,GTTTTAGAGCTAGAAATAGCAAGTTAAAATAAGGCTAGTCCGTTATCAACTTGAAAAAGTGGGACCGAGTCGGTCC,TCAGCCATCACGTGCTCAGTCTG
HEK3_4b_1TtoA,SpCas9H840A,GGCCCAGACTGAGCACGTGA,GTTTTAGAGCTAGAAATAGCAAGTTAAAATAAGGCTAGTCCGTTATCAACTTGAAAAAGTGGCACCGAGTCGGTGC,TGGAGGAAGCAGGGCTTCCTTTCCTCTGCCATCTCGTGCTCAGTCTG
HEK3_4b_12GtoC,SpCas9H840A,GGCCCAGACTGAGCACGTGA,GTTTTAGAGCTAGAAATAGCAAGTTAAAATAAGGCTAGTCCGTTATCAACTTGAAAAAGTGGCACCGAGTCGGTGC,TGGAGGAAGCAGGGCTTCCTTTGCTCTGCCATCACGTGCTCAGTCTG
HEK3_4b_14AtoT,SpCas9H840A,GGCCCAGACTGAGCACGTGA,GTTTTAGAGCTAGAAATAGCAAGTTAAAATAAGGCTAGTCCGTTATCAACTTGAAAAAGTGGCACCGAGTCGGTGC,TGGAGGAAGCAGGGCTTCCTATCCTCTGCCATCACGTGCTCAGTCTG
HEK3_4b_17GtoC,SpCas9H840A,GGCCCAGACTGAGCACGTGA,GTTTTAGAGCTAGAAATAGCAAGTTAAAATAAGGCTAGTCCGTTATCAACTTGAAAAAGTGGCACCGAGTCGGTGC,TGGAGGAAGCAGGGCTTGCTTTCCTCTGCCATCACGTGCTCAGTCTG
HEK3_4b_20GtoC,SpCas9H840A,GGCCCAGACTGAGCACGTGA,GTTTTAGAGCTAGAAATAGCAAGTTAAAATAAGGCTAGTCCGTTATCAACTTGAAAAAGTGGCACCGAGTCGGTGC,TGGAGGAAGCAGGGGTTCCTTTCCTCTGCCATCACGTGCTCAGTCTG
HEK3_4b_23CtoG,SpCas9H840A,GGCCCAGACTGAGCACGTGA,GTTTTAGAGCTAGAAATAGCAAGTTAAAATAAGGCTAGTCCGTTATCAACTTGAAAAAGTGGCACCGAGTCGGTGC,TGGAGGAAGCACGGCTTCCTTTCCTCTGCCATCACGTGCTCAGTCTG
HEK3_4b_24TtoA,SpCas9H840A,GGCCCAGACTGAGCACGTGA,GTTTTAGAGCTAGAAATAGCAAGTTAAAATAAGGCTAGTCCGTTATCAACTTGAAAAAGTGGCACCGAGTCGGTGC,TGGAGGAAGCTGGGCTTCCTTTCCTCTGCCATCACGTGCTCAGTCTG
HEK3_4b_26CtoG,SpCas9H840A,GGCCCAGACTGAGCACGTGA,GTTTTAGAGCTAGAAATAGCAAGTTAAAATAAGGCTAGTCCGTTATCAACTTGAAAAAGTGGCACCGAGTCGGTGC,TGGAGGAACCAGGGCTTCCTTTCCTCTGCCATCACGTGCTCAGTCTG
HEK3_4b_30CtoG,SpCas9H840A,GGCCCAGACTGAGCACGTGA,GTTTTAGAGCTAGAAATAGCAAGTTAAAATAAGGCTAGTCCGTTATCAACTTGAAAAAGTGGCACCGAGTCGGTGC,TGGACGAAGCAGGGCTTCCTTTCCTCTGCCATCACGTGCTCAGTCTG
HEK3_4b_33CtoG,SpCas9H840A,GGCCCAGACTGAGCACGTGA,GTTTTAGAGCTAGAAATAGCAAGTTAAAATAAGGCTAGTCCGTTATCAACTTGAAAAAGTGGCACCGAGTCGGTGC,TCGAGGAAGCAGGGCTTCCTTTCCTCTGCCATCACGTGCTCAGTCTG
RNF2_4c_1CtoA,SpCas9H840A,GTCATCTTAGTCATTACCTG,GTTTTAGAGCTAGAAATAGCAAGTTAAAATAAGGCTAGTCCGTTATCAACTTGAAAAAGTGGCACCGAGTCGGTGC,AACGAACACCTCATGTAATGACTAAGATG
RNF2_4c_1CtoG,SpCas9H840A,GTCATCTTAGTCATTACCTG,GTTTTAGAGCTAGAAATAGCAAGTTAAAATAAGGCTAGTCCGTTATCAACTTGAAAAAGTGGCACCGAGTCGGTGC,AACGAACACCTCACGTAATGACTAAGATG
RNF2_4c_1CtoT,SpCas9H840A,GTCATCTTAGTCATTACCTG,GTTTTAGAGCTAGAAATAGCAAGTTAAAATAAGGCTAGTCCGTTATCAACTTGAAAAAGTGGCACCGAGTCGGTGC,AACGAACACCTCAAGTAATGACTAAGATG
RNF2_4c_2TtoA,SpCas9H840A,GTCATCTTAGTCATTACCTG,GTTTTAGAGCTAGAAATAGCAAGTTAAAATAAGGCTAGTCCGTTATCAACTTGAAAAAGTGGCACCGAGTCGGTGC,AACGAACACCTCTGGTAATGACTAAGATG
RNF2_4c_2TtoG,SpCas9H840A,GTCATCTTAGTCATTACCTG,GTTTTAGAGCTAGAAATAGCAAGTTAAAATAAGGCTAGTCCGTTATCAACTTGAAAAAGTGGCACCGAGTCGGTGC,AACGAACACCTCCGGTAATGACTAAGATG
RNF2_4c_3GtoC,SpCas9H840A,GTCATCTTAGTCATTACCTG,GTTTTAGAGCTAGAAATAGCAAGTTAAAATAAGGCTAGTCCGTTATCAACTTGAAAAAGTGGCACCGAGTCGGTGC,AACGAACACCTGAGGTAATGACTAAGATG
RNF2_4c_4AtoC,SpCas9H840A,GTCATCTTAGTCATTACCTG,GTTTTAGAGCTAGAAATAGCAAGTTAAAATAAGGCTAGTCCGTTATCAACTTGAAAAAGTGGCACCGAGTCGGTGC,AACGAACACCGCAGGTAATGACTAAGATG
RNF2_4c_4AtoT,SpCas9H840A,GTCATCTTAGTCATTACCTG,GTTTTAGAGCTAGAAATAGCAAGTTAAAATAAGGCTAGTCCGTTATCAACTTGAAAAAGTGGCACCGAGTCGGTGC,AACGAACACCACAGGTAATGACTAAGATG
RNF2_4c_4AtoG,SpCas9H840A,GTCATCTTAGTCATTACCTG,GTTTTAGAGCTAGAAATAGCAAGTTAAAATAAGGCTAGTCCGTTATCAACTTGAAAAAGTGGCACCGAGTCGGTGC,AACGAACACCCCAGGTAATGACTAAGATG
RNF2_4c_5GtoT,SpCas9H840A,GTCATCTTAGTCATTACCTG,GTTTTAGAGCTAGAAATAGCAAGTTAAAATAAGGCTAGTCCGTTATCAACTTGAAAAAGTGGCACCGAGTCGGTGC,AACGAACACATCAGGTAATGACTAAGATG
RNF2_4c_6GtoA,SpCas9H840A,GTCATCTTAGTCATTACCTG,GTTTTAGAGCTAGAAATAGCAAGTTAAAATAAGGCTAGTCCGTTATCAACTTGAAAAAGTGGCACCGAGTCGGTGC,AACGAACATCTCAGGTAATGACTAAGATG
RNF2_4c_7TtoC,SpCas9H840A,GTCATCTTAGTCATTACCTG,GTTTTAGAGCTAGAAATAGCAAGTTAAAATAAGGCTAGTCCGTTATCAACTTGAAAAAGTGGCACCGAGTCGGTGC,AACGAACGCCTCAGGTAATGACTAAGATG
RUNX1_4d_1CtoA,SpCas9H840A,GCATTTTCAGGAGGAAGCGA,GTTTTAGAGCTAGAAATAGCAAGTTAAAATAAGGCTAGTCCGTTATCAACTTGAAAAAGTGGCACCGAGTCGGTGC,TGTCTGAAGCCATCTCTTCCTCCTGAAAAT
RUNX1_4d_1CtoG,SpCas9H840A,GCATTTTCAGGAGGAAGCGA,GTTTTAGAGCTAGAAATAGCAAGTTAAAATAAGGCTAGTCCGTTATCAACTTGAAAAAGTGGCACCGAGTCGGTGC,TGTCTGAAGCCATCCCTTCCTCCTGAAAAT
RUNX1_4d_1CtoT,SpCas9H840A,GCATTTTCAGGAGGAAGCGA,GTTTTAGAGCTAGAAATAGCAAGTTAAAATAAGGCTAGTCCGTTATCAACTTGAAAAAGTGGCACCGAGTCGGTGC,TGTCTGAAGCCATCACTTCCTCCTGAAAAT
RUNX1_4d_2GtoA,SpCas9H840A,GCATTTTCAGGAGGAAGCGA,GTTTTAGAGCTAGAAATAGCAAGTTAAAATAAGGCTAGTCCGTTATCAACTTGAAAAAGTGGCACCGAGTCGGTGC,TGTCTGAAGCCATTGCTTCCTCCTGAAAAT
RUNX1_4d_3AtoC,SpCas9H840A,GCATTTTCAGGAGGAAGCGA,GTTTTAGAGCTAGAAATAGCAAGTTAAAATAAGGCTAGTCCGTTATCAACTTGAAAAAGTGGCACCGAGTCGGTGC,TGTCTGAAGCCAGCGCTTCCTCCTGAAAAT
RUNX1_4d_3AtoG,SpCas9H840A,GCATTTTCAGGAGGAAGCGA,GTTTTAGAGCTAGAAATAGCAAGTTAAAATAAGGCTAGTCCGTTATCAACTTGAAAAAGTGGCACCGAGTCGGTGC,TGTCTGAAGCCACCGCTTCCTCCTGAAAAT
RUNX1_4d_3AtoT,SpCas9H840A,GCATTTTCAGGAGGAAGCGA,GTTTTAGAGCTAGAAATAGCAAGTTAAAATAAGGCTAGTCCGTTATCAACTTGAAAAAGTGGCACCGAGTCGGTGC,TGTCTGAAGCCAACGCTTCCTCCTGAAAAT
RUNX1_4d_4TtoA,SpCas9H840A,GCATTTTCAGGAGGAAGCGA,GTTTTAGAGCTAGAAATAGCAAGTTAAAATAAGGCTAGTCCGTTATCAACTTGAAAAAGTGGCACCGAGTCGGTGC,TGTCTGAAGCCTTCGCTTCCTCCTGAAAAT
RUNX1_4d_4TtoC,SpCas9H840A,GCATTTTCAGGAGGAAGCGA,GTTTTAGAGCTAGAAATAGCAAGTTAAAATAAGGCTAGTCCGTTATCAACTTGAAAAAGTGGCACCGAGTCGGTGC,TGTCTGAAGCCGTCGCTTCCTCCTGAAAAT
RUNX1_4d_4TtoG,SpCas9H840A,GCATTTTCAGGAGGAAGCGA,GTTTTAGAGCTAGAAATAGCAAGTTAAAATAAGGCTAGTCCGTTATCAACTTGAAAAAGTGGCACCGAGTCGGTGC,TGTCTGAAGCCCTCGCTTCCTCCTGAAAAT
RUNX1_4d_5GtoT,SpCas9H840A,GCATTTTCAGGAGGAAGCGA,GTTTTAGAGCTAGAAATAGCAAGTTAAAATAAGGCTAGTCCGTTATCAACTTGAAAAAGTGGCACCGAGTCGGTGC,TGTCTGAAGCAATCGCTTCCTCCTGAAAAT
RUNX1_4d_6GtoC,SpCas9H840A,GCATTTTCAGGAGGAAGCGA,GTTTTAGAGCTAGAAATAGCAAGTTAAAATAAGGCTAGTCCGTTATCAACTTGAAAAAGTGGCACCGAGTCGGTGC,TGTCTGAAGGCATCGCTTCCTCCTGAAAAT
VEGFA_4e_1TtoA,SpCas9H840A,GATGTCTGCAGGCCAGATGA,GTTTTAGAGCTAGAAATAGCAAGTTAAAATAAGGCTAGTCCGTTATCAACTTGAAAAAGTGGCACCGAGTCGGTGC,AATGTGCCATCTGGAGCCCTCTTCTGGCCTGCAGA
VEGFA_4e_1TtoC,SpCas9H840A,GATGTCTGCAGGCCAGATGA,GTTTTAGAGCTAGAAATAGCAAGTTAAAATAAGGCTAGTCCGTTATCAACTTGAAAAAGTGGCACCGAGTCGGTGC,AATGTGCCATCTGGAGCCCTCGTCTGGCCTGCAGA
VEGFA_4e_1TtoG,SpCas9H840A,GATGTCTGCAGGCCAGATGA,GTTTTAGAGCTAGAAATAGCAAGTTAAAATAAGGCTAGTCCGTTATCAACTTGAAAAAGTGGCACCGAGTCGGTGC,AATGTGCCATCTGGAGCCCTCCTCTGGCCTGCAGA
VEGFA_4e_2GtoA,SpCas9H840A,GATGTCTGCAGGCCAGATGA,GTTTTAGAGCTAGAAATAGCAAGTTAAAATAAGGCTAGTCCGTTATCAACTTGAAAAAGTGGCACCGAGTCGGTGC,AATGTGCCATCTGGAGCCCTTATCTGGCCTGCAGA
VEGFA_4e_3AtoC,SpCas9H840A,GATGTCTGCAGGCCAGATGA,GTTTTAGAGCTAGAAATAGCAAGTTAAAATAAGGCTAGTCCGTTATCAACTTGAAAAAGTGGCACCGAGTCGGTGC,AATGTGCCATCTGGAGCCCGCATCTGGCCTGCAGA
VEGFA_4e_3AtoG,SpCas9H840A,GATGTCTGCAGGCCAGATGA,GTTTTAGAGCTAGAAATAGCAAGTTAAAATAAGGCTAGTCCGTTATCAACTTGAAAAAGTGGCACCGAGTCGGTGC,AATGTGCCATCTGGAGCCCCCATCTGGCCTGCAGA
VEGFA_4e_3AtoT,SpCas9H840A,GATGTCTGCAGGCCAGATGA,GTTTTAGAGCTAGAAATAGCAAGTTAAAATAAGGCTAGTCCGTTATCAACTTGAAAAAGTGGCACCGAGTCGGTGC,AATGTGCCATCTGGAGCCCACATCTGGCCTGCAGA
VEGFA_4e_5GtoT,SpCas9H840A,GATGTCTGCAGGCCAGATGA,GTTTTAGAGCTAGAAATAGCAAGTTAAAATAAGGCTAGTCCGTTATCAACTTGAAAAAGTGGCACCGAGTCGGTGC,AATGTGCCATCTGGAGCACTCATCTGGCCTGCAGA
VEGFA_4e_6GtoC,SpCas9H840A,GATGTCTGCAGGCCAGATGA,GTTTTAGAGCTAGAAATAGCAAGTTAAAATAAGGCTAGTCCGTTATCAACTTGAAAAAGTGGCACCGAGTCGGTGC,AATGTGCCATCTGGAGGCCTCATCTGGCCTGCAGA
VEGFA_4e_7CtoA,SpCas9H840A,GATGTCTGCAGGCCAGATGA,GTTTTAGAGCTAGAAATAGCAAGTTAAAATAAGGCTAGTCCGTTATCAACTTGAAAAAGTGGCACCGAGTCGGTGC,AATGTGCCATCTGGATCCCTCATCTGGCCTGCAGA
VEGFA_4e_7CtoT,SpCas9H840A,GATGTCTGCAGGCCAGATGA,GTTTTAGAGCTAGAAATAGCAAGTTAAAATAAGGCTAGTCCGTTATCAACTTGAAAAAGTGGCACCGAGTCGGTGC,AATGTGCCATCTGGAACCCTCATCTGGCCTGCAGA
VEGFA_4e_9CtoG,SpCas9H840A,GATGTCTGCAGGCCAGATGA,GTTTTAGAGCTAGAAATAGCAAGTTAAAATAAGGCTAGTCCGTTATCAACTTGAAAAAGTGGCACCGAGTCGGTGC,AATGTGCCATCTGCAGCCCTCATCTGGCCTGCAGA
HEK3_4f_1Ains,SpCas9H840A,GGCCCAGACTGAGCACGTGA,GTTTTAGAGCTAGAAATAGCAAGTTAAAATAAGGCTAGTCCGTTATCAACTTGAAAAAGTGGGACCGAGTCGGTCC,TCTGCCATCATCGTGCTCAGTCTG
HEK3_4f_1CTTins,SpCas9H840A,GGCCCAGACTGAGCACGTGA,GTTTTAGAGCTAGAAATAGCAAGTTAAAATAAGGCTAGTCCGTTATCAACTTGAAAAAGTGGGACCGAGTCGGTCC,TCTGCCATCAAAGCGTGCTCAGTCTG
HEK3_4f_1Tdel,SpCas9H840A,GGCCCAGACTGAGCACGTGA,GTTTTAGAGCTAGAAATAGCAAGTTAAAATAAGGCTAGTCCGTTATCAACTTGAAAAAGTGGGACCGAGTCGGTCC,TCTGCCATCCGTGCTCAGTCTG
HEK3_4f_1-3TGAdel,SpCas9H840A,GGCCCAGACTGAGCACGTGA,GTTTTAGAGCTAGAAATAGCAAGTTAAAATAAGGCTAGTCCGTTATCAACTTGAAAAAGTGGCACCGAGTCGGTGC,TGGAGGAAGCAGGGCTTCCTTTCCTCTGCCACGTGCTCAGTCTG
RNF2_4f_1Tins,SpCas9H840A,GTCATCTTAGTCATTACCTG,GTTTTAGAGCTAGAAATAGCAAGTTAAAATAAGGCTAGTCCGTTATCAACTTGAAAAAGTGGCACCGAGTCGGTGC,AACGAACACCTCAGAGTAATGACTAAGATG
RNF2_4f_1GTAins,SpCas9H840A,GTCATCTTAGTCATTACCTG,GTTTTAGAGCTAGAAATAGCAAGTTAAAATAAGGCTAGTCCGTTATCAACTTGAAAAAGTGGCACCGAGTCGGTGC,AACGAACACCTCAGTACGTAATGACTAAGATG
RNF2_4f_4Adel,SpCas9H840A,GTCATCTTAGTCATTACCTG,GTTTTAGAGCTAGAAATAGCAAGTTAAAATAAGGCTAGTCCGTTATCAACTTGAAAAAGTGGCACCGAGTCGGTGC,AACGAACACCCAGGTAATGACTAAGATG
RNF2_4f_3-5GAGdel,SpCas9H840A,GTCATCTTAGTCATTACCTG,GTTTTAGAGCTAGAAATAGCAAGTTAAAATAAGGCTAGTCCGTTATCAACTTGAAAAAGTGGCACCGAGTCGGTGC,AACGAACACAGGTAATGACTAAGATG
FANCF_4f_3Cins,SpCas9H840A,GGAATCCCTTCTGCAGCACC,GTTTTAGAGCTAGAAATAGCAAGTTAAAATAAGGCTAGTCCGTTATCAACTTGAAAAAGTGGCACCGAGTCGGTGC,GGAAAAGCGATCCAGGGTGCTGCAGAAGGGAT
FANCF_4f_4GATins,SpCas9H840A,GGAATCCCTTCTGCAGCACC,GTTTTAGAGCTAGAAATAGCAAGTTAAAATAAGGCTAGTCCGTTATCAACTTGAAAAAGTGGCACCGAGTCGGTGC,GGAAAAGCGATCCAATCGGTGCTGCAGAAGGGAT
FANCF_4f_6Gdel,SpCas9H840A,GGAATCCCTTCTGCAGCACC,GTTTTAGAGCTAGAAATAGCAAGTTAAAATAAGGCTAGTCCGTTATCAACTTGAAAAAGTGGCACCGAGTCGGTGC,GGAAAAGCGATCAGGTGCTGCAGAAGGGAT
FANCF_4f_5-7GGAdel,SpCas9H840A,GGAATCCCTTCTGCAGCACC,GTTTTAGAGCTAGAAATAGCAAGTTAAAATAAGGCTAGTCCGTTATCAACTTGAAAAAGTGGCACCGAGTCGGTGC,GGAAAAGCGAAGGTGCTGCAGAAGGGAT
EMX1_4f_6Tins,SpCas9H840A,GAGTCCGAGCAGAAGAAGAA,GTTTTAGAGCTAGAAATAGCAAGTTAAAATAAGGCTAGTCCGTTATCAACTTGAAAAAGTGGCACCGAGTCGGTGC,GTGATGGGAGCACCTTCTTCTTCTGCTCGGA
EMX1_4f_1TGCins,SpCas9H840A,GAGTCCGAGCAGAAGAAGAA,GTTTTAGAGCTAGAAATAGCAAGTTAAAATAAGGCTAGTCCGTTATCAACTTGAAAAAGTGGCACCGAGTCGGTGC,GTGATGGGAGCCCTTCGCATTCTTCTGCTCGGA
EMX1_4f_5Gdel,SpCas9H840A,GAGTCCGAGCAGAAGAAGAA,GTTTTAGAGCTAGAAATAGCAAGTTAAAATAAGGCTAGTCCGTTATCAACTTGAAAAAGTGGCACCGAGTCGGTGC,GTGATGGGAGCCTTCTTCTTCTGCTCGGA
EMX1_4f_4-6GGGdel,SpCas9H840A,GAGTCCGAGCAGAAGAAGAA,GTTTTAGAGCTAGAAATAGCAAGTTAAAATAAGGCTAGTCCGTTATCAACTTGAAAAAGTGGCACCGAGTCGGTGC,GTGATGGGAGTTCTTCTTCTGCTCGGA
RUNX1_4f_1Cins,SpCas9H840A,GCATTTTCAGGAGGAAGCGA,GTTTTAGAGCTAGAAATAGCAAGTTAAAATAAGGCTAGTCCGTTATCAACTTGAAAAAGTGGCACCGAGTCGGTGC,TGTCTGAAGCCATCGGCTTCCTCCTGAAAAT
RUNX1_4f_1ATGins,SpCas9H840A,GCATTTTCAGGAGGAAGCGA,GTTTTAGAGCTAGAAATAGCAAGTTAAAATAAGGCTAGTCCGTTATCAACTTGAAAAAGTGGCACCGAGTCGGTGC,TGTCTGAAGCCATCCATGCTTCCTCCTGAAAAT
RUNX1_4f_2Gdel,SpCas9H840A,GCATTTTCAGGAGGAAGCGA,GTTTTAGAGCTAGAAATAGCAAGTTAAAATAAGGCTAGTCCGTTATCAACTTGAAAAAGTGGCACCGAGTCGGTGC,TGTCTGAAGCCATGCTTCCTCCTGAAAAT
RUNX1_4f_2-4GATdel,SpCas9H840A,GCATTTTCAGGAGGAAGCGA,GTTTTAGAGCTAGAAATAGCAAGTTAAAATAAGGCTAGTCCGTTATCAACTTGAAAAAGTGGCACCGAGTCGGTGC,TGTCTGAAGCCGCTTCCTCCTGAAAAT
VEGFA_4f_4Cins,SpCas9H840A,GATGTCTGCAGGCCAGATGA,GTTTTAGAGCTAGAAATAGCAAGTTAAAATAAGGCTAGTCCGTTATCAACTTGAAAAAGTGGCACCGAGTCGGTGC,AATGTGCCATCTGGAGCCGCTCATCTGGCCTGCAGA
VEGFA_4f_2ACAins,SpCas9H840A,GATGTCTGCAGGCCAGATGA,GTTTTAGAGCTAGAAATAGCAAGTTAAAATAAGGCTAGTCCGTTATCAACTTGAAAAAGTGGCACCGAGTCGGTGC,AATGTGCCATCTGGAGCCCTTGTCATCTGGCCTGCAGA
VEGFA_4f_3Adel,SpCas9H840A,GATGTCTGCAGGCCAGATGA,GTTTTAGAGCTAGAAATAGCAAGTTAAAATAAGGCTAGTCCGTTATCAACTTGAAAAAGTGGCACCGAGTCGGTGC,AATGTGCCATCTGGAGCCCCATCTGGCCTGCAGA
VEGFA_4f_2-4GAGdel,SpCas9H840A,GATGTCTGCAGGCCAGATGA,GTTTTAGAGCTAGAAATAGCAAGTTAAAATAAGGCTAGTCCGTTATCAACTTGAAAAAGTGGCACCGAGTCGGTGC,AATGTGCCATCTGGAGCCATCTGGCCTGCAGA
DNMT1_4f_4Cins,SpCas9H840A,GATTCCTGGTGCCAGAAACA,GTTTTAGAGCTAGAAATAGCAAGTTAAAATAAGGCTAGTCCGTTATCAACTTGAAAAAGTGGCACCGAGTCGGTGC,TCCCGTCACCCGCTGTTTCTGGCACCAGG
DNMT1_4f_1TCAins,SpCas9H840A,GATTCCTGGTGCCAGAAACA,GTTTTAGAGCTAGAAATAGCAAGTTAAAATAAGGCTAGTCCGTTATCAACTTGAAAAAGTGGCACCGAGTCGGTGC,TCCCGTCACCCCTGTGATTTCTGGCACCAGG
DNMT1_4f_3Adel,SpCas9H840A,GATTCCTGGTGCCAGAAACA,GTTTTAGAGCTAGAAATAGCAAGTTAAAATAAGGCTAGTCCGTTATCAACTTGAAAAAGTGGCACCGAGTCGGTGC,TCCCGTCACCCCGTTTCTGGCACCAGG
DNMT1_4f_3-5AGGdel,SpCas9H840A,GATTCCTGGTGCCAGAAACA,GTTTTAGAGCTAGAAATAGCAAGTTAAAATAAGGCTAGTCCGTTATCAACTTGAAAAAGTGGCACCGAGTCGGTGC,TCCCGTCACCGTTTCTGGCACCAGG
HEK3_4g_del1-5,SpCas9H840A,GGCCCAGACTGAGCACGTGA,GTTTTAGAGCTAGAAATAGCAAGTTAAAATAAGGCTAGTCCGTTATCAACTTGAAAAAGTGGCACCGAGTCGGTGC,TGGAGGAAGCAGGGCTTCCTTTCCTCTGCCGTGCTCAGTCTG
HEK3_4g_del1-10,SpCas9H840A,GGCCCAGACTGAGCACGTGA,GTTTTAGAGCTAGAAATAGCAAGTTAAAATAAGGCTAGTCCGTTATCAACTTGAAAAAGTGGCACCGAGTCGGTGC,TGGAGGAAGCAGGGCTTCCTTTCCCGTGCTCAGTCTG
HEK3_4g_del1-15,SpCas9H840A,GGCCCAGACTGAGCACGTGA,GTTTTAGAGCTAGAAATAGCAAGTTAAAATAAGGCTAGTCCGTTATCAACTTGAAAAAGTGGCACCGAGTCGGTGC,TGGAGGAAGCAGGGCTTCCCGTGCTCAGTCTG
HEK3_4g_del1-25,SpCas9H840A,GGCCCAGACTGAGCACGTGA,GTTTTAGAGCTAGAAATAGCAAGTTAAAATAAGGCTAGTCCGTTATCAACTTGAAAAAGTGGCACCGAGTCGGTGC,TGTCCTGCGACGCCCTCTGGAGGAAGCGTGCTCAGTCTG
HEK3_4g_del1-30,SpCas9H840A,GGCCCAGACTGAGCACGTGA,GTTTTAGAGCTAGAAATAGCAAGTTAAAATAAGGCTAGTCCGTTATCAACTTGAAAAAGTGGCACCGAGTCGGTGC,TGTCCTGCGACGCCCTCTGGACGTGCTCAGTCTG
HEK3_4g_del1-80,SpCas9H840A,GGCCCAGACTGAGCACGTGA,GTTTTAGAGCTAGAAATAGCAAGTTAAAATAAGGCTAGTCCGTTATCAACTTGAAAAAGTGGCACCGAGTCGGTGC,AGTATCCCGGTGCAGGAGCTCGTGCTCAGTCTG
HEK3_4h_1CTTins_5Gdel,SpCas9H840A,GGCCCAGACTGAGCACGTGA,GTTTTAGAGCTAGAAATAGCAAGTTAAAATAAGGCTAGTCCGTTATCAACTTGAAAAAGTGGCACCGAGTCGGTGC,TGGAGGAAGCAGGGCTTCCTTTCCTCTGCATCAAAGCGTGCTCAGTCTG
HEK3_4h_1CTTins_2GtoC,SpCas9H840A,GGCCCAGACTGAGCACGTGA,GTTTTAGAGCTAGAAATAGCAAGTTAAAATAAGGCTAGTCCGTTATCAACTTGAAAAAGTGGCACCGAGTCGGTGC,TGGAGGAAGCAGGGCTTCCTTTCCTCTGCCATGAAAGCGTGCTCAGTCTG
HEK3_4h_1Tdel_5GtoC,SpCas9H840A,GGCCCAGACTGAGCACGTGA,GTTTTAGAGCTAGAAATAGCAAGTTAAAATAAGGCTAGTCCGTTATCAACTTGAAAAAGTGGCACCGAGTCGGTGC,TGGAGGAAGCAGGGCTTCCTTTCCTCTGCGATCCGTGCTCAGTCTG
HEK3_4h_2GtoC_6GtoT,SpCas9H840A,GGCCCAGACTGAGCACGTGA,GTTTTAGAGCTAGAAATAGCAAGTTAAAATAAGGCTAGTCCGTTATCAACTTGAAAAAGTGGCACCGAGTCGGTGC,TGGAGGAAGCAGGGCTTCCTTTCCTCTGACATGACGTGCTCAGTCTG
RNF2_4h_2AAins_3-4GAdel,SpCas9H840A,GTCATCTTAGTCATTACCTG,GTTTTAGAGCTAGAAATAGCAAGTTAAAATAAGGCTAGTCCGTTATCAACTTGAAAAAGTGGCACCGAGTCGGTGC,AACGAACACCATTGGTAATGACTAAGATG
RNF2_4h_1Ains_5GtoC,SpCas9H840A,GTCATCTTAGTCATTACCTG,GTTTTAGAGCTAGAAATAGCAAGTTAAAATAAGGCTAGTCCGTTATCAACTTGAAAAAGTGGCACCGAGTCGGTGC,AACGAACACGTCAGTGTAATGACTAAGATG
RNF2_4h_1-2CTdel_6GtoT,SpCas9H840A,GTCATCTTAGTCATTACCTG,GTTTTAGAGCTAGAAATAGCAAGTTAAAATAAGGCTAGTCCGTTATCAACTTGAAAAAGTGGCACCGAGTCGGTGC,AACGAACAACTCGTAATGACTAAGATG
RNF2_4h_1CtoA_5GtoT,SpCas9H840A,GTCATCTTAGTCATTACCTG,GTTTTAGAGCTAGAAATAGCAAGTTAAAATAAGGCTAGTCCGTTATCAACTTGAAAAAGTGGCACCGAGTCGGTGC,AACGAACACATCATGTAATGACTAAGATG
FANCF_4h_1Tins_4-5TGdel,SpCas9H840A,GGAATCCCTTCTGCAGCACC,GTTTTAGAGCTAGAAATAGCAAGTTAAAATAAGGCTAGTCCGTTATCAACTTGAAAAAGTGGCACCGAGTCGGTGC,GGAAAAGCGATCGGTAGCTGCAGAAGGGAT
FANCF_4h_1Tins_6GtoA,SpCas9H840A,GGAATCCCTTCTGCAGCACC,GTTTTAGAGCTAGAAATAGCAAGTTAAAATAAGGCTAGTCCGTTATCAACTTGAAAAAGTGGCACCGAGTCGGTGC,GGAAAAGCGATTCAGGTAGCTGCAGAAGGGAT
FANCF_4h_2Cdel_5GtoT,SpCas9H840A,GGAATCCCTTCTGCAGCACC,GTTTTAGAGCTAGAAATAGCAAGTTAAAATAAGGCTAGTCCGTTATCAACTTGAAAAAGTGGCACCGAGTCGGTGC,GGAAAAGCGATCAAGTGCTGCAGAAGGGAT
FANCF_4h_1AtoC_6GtoT,SpCas9H840A,GGAATCCCTTCTGCAGCACC,GTTTTAGAGCTAGAAATAGCAAGTTAAAATAAGGCTAGTCCGTTATCAACTTGAAAAAGTGGCACCGAGTCGGTGC,GGAAAAGCGATACAGGGGCTGCAGAAGGGAT
HBB_5a_install,SpCas9H840A,GCATGGTGCACCTGACTCCTG,GTTTTAGAGCTAGAAATAGCAAGTTAAAATAAGGCTAGTCCGTTATCAACTTGAAAAAGTGGCACCGAGTCGGTGC,AGACTTCTCCACAGGAGTCAGGTGCAC
HBB_5a_correct,SpCas9H840A,GCATGGTGCACCTGACTCCTG,GTTTTAGAGCTAGAAATAGCAAGTTAAAATAAGGCTAGTCCGTTATCAACTTGAAAAAGTGGCACCGAGTCGGTGC,AGACTTCTCCTCAGGAGTCAGGTGCAC
HBB_5a_correct_w_silent,SpCas9H840A,GCATGGTGCACCTGACTCCTG,GTTTTAGAGCTAGAAATAGCAAGTTAAAATAAGGCTAGTCCGTTATCAACTTGAAAAAGTGGCACCGAGTCGGTGC,AGACTTCTCTTCAGGAGTCAGGTGCAC
HEXA_5b_install,SpCas9H840A,GTACCTGAACCGTATATCCTA,GTTTTAGAGCTAGAAATAGCAAGTTAAAATAAGGCTAGTCCGTTATCAACTTGAAAAAGTGGCACCGAGTCGGTGC,AGTCAGGGCCATAGGATAGATATACGGTTC
HEXA_5b_correct,SpCas9H840A,GATCCTTCCAGTCAGGGCCAT,GTTTTAGAGCTAGAAATAGCAAGTTAAAATAAGGCTAGTCCGTTATCAACTTGAAAAAGTGGCACCGAGTCGGTGC,ACCTGAACCGTATATCCTATGGCCCTGACTG
HEXA_5b_correct_w_silent,SpCas9H840A,GATCCTTCCAGTCAGGGCCAT,GTTTTAGAGCTAGAAATAGCAAGTTAAAATAAGGCTAGTCCGTTATCAACTTGAAAAAGTGGCACCGAGTCGGTGC,GTACCTGAACCGTATATCTTATGGCCCTGACT
PRNP_5c_6GtoT,SpCas9H840A,GCAGTGGTGGGGGGCCTTGG,GTTTTAGAGCTAGAAATAGCAAGTTAAAATAAGGCTAGTCCGTTATCAACTTGAAAAAGTGGCACCGAGTCGGTGC,ATGTAGACGCCAAGGCCCCCCACC
DNMT1_5d_5GtoT,SpCas9H840A,GCGGGCTGGAGCTGTTCGCGC,GTTTTAGAGCTAGAAATAGCAAGTTAAAATAAGGCTAGTCCGTTATCAACTTGAAAAAGTGGCACCGAGTCGGTGC,AAGATGCAAGCGCGAACAGCTCCAG
HEK3_5e_1TtoG,SpCas9H840A,GGCCCAGACTGAGCACGTGA,GTTTTAGAGCTAGAAATAGCAAGTTAAAATAAGGCTAGTCCGTTATCAACTTGAAAAAGTGGGACCGAGTCGGTCC,TCTGCCATCCCGTGCTCAGTCTG
HEK3_5e_1CTTins,SpCas9H840A,GGCCCAGACTGAGCACGTGA,GTTTTAGAGCTAGAAATAGCAAGTTAAAATAAGGCTAGTCCGTTATCAACTTGAAAAAGTGGGACCGAGTCGGTCC,TCTGCCATCAAAGCGTGCTCAGTCTG
RNF2_5e_1CtoG,SpCas9H840A,GTCATCTTAGTCATTACCTG,GTTTTAGAGCTAGAAATAGCAAGTTAAAATAAGGCTAGTCCGTTATCAACTTGAAAAAGTGGCACCGAGTCGGTGC,AACGAACACCTCACGTAATGACTAAGATG
PRNP_5e_6GtoT,SpCas9H840A,GCAGTGGTGGGGGGCCTTGG,GTTTTAGAGCTAGAAATAGCAAGTTAAAATAAGGCTAGTCCGTTATCAACTTGAAAAAGTGGCACCGAGTCGGTGC,ATGTAGACGCCAAGGCCCCCCACC
HBB_5e_4AtoT,SpCas9H840A,GCATGGTGCACCTGACTCCTG,GTTTTAGAGCTAGAAATAGCAAGTTAAAATAAGGCTAGTCCGTTATCAACTTGAAAAAGTGGCACCGAGTCGGTGC,AGACTTCTCCACAGGAGTCAGGTGCAC
HBB_5e_correct,SpCas9H840A,GCATGGTGCACCTGACTCCTG,GTTTTAGAGCTAGAAATAGCAAGTTAAAATAAGGCTAGTCCGTTATCAACTTGAAAAAGTGGCACCGAGTCGGTGC,AGACTTCTCTTCAGGAGTCAGGTGCAC
HEK3_5g_1His6ins,SpCas9H840A,GGCCCAGACTGAGCACGTGA,GTTTTAGAGCTAGAAATAGCAAGTTAAAATAAGGCTAGTCCGTTATCAACTTGAAAAAGTGGCACCGAGTCGGTGC,TGGAGGAAGCAGGGCTTCCTTTCCTCTGCCATCAATGATGGTGATGATGGTGCGTGCTCAGTCTG
HEK3_5g_1FLAGins,SpCas9H840A,GGCCCAGACTGAGCACGTGA,GTTTTAGAGCTAGAAATAGCAAGTTAAAATAAGGCTAGTCCGTTATCAACTTGAAAAAGTGGCACCGAGTCGGTGC,TGGAGGAAGCAGGGCTTCCTTTCCTCTGCCATCACTTATCGTCGTCATCCTTGTAATCCGTGCTCAGTCTG
HEK3_5g_1LoxPins,SpCas9H840A,GGCCCAGACTGAGCACGTGA,GTTTTAGAGCTAGAAATAGCAAGTTAAAATAAGGCTAGTCCGTTATCAACTTGAAAAAGTGGCACCGAGTCGGTGC,TGGAGGAAGCAGGGCTTCCTTTCCTCTGCCATCAATAACTTCGTATAATGTATGCTATACGAAGTTATAACAATCGTGCTCAGTCTG
HEK3_ED4b_1Tdel,SpCas9H840A,GGCCCAGACTGAGCACGTGA,GTTTTAGAGCTAGAAATAGCAAGTTAAAATAAGGCTAGTCCGTTATCAACTTGAAAAAGTGGGACCGAGTCGGTCC,TCTGCCATCCGTGCTCAGTCTG
HEK3_ED4b_1Ains,SpCas9H840A,GGCCCAGACTGAGCACGTGA,GTTTTAGAGCTAGAAATAGCAAGTTAAAATAAGGCTAGTCCGTTATCAACTTGAAAAAGTGGGACCGAGTCGGTCC,TCTGCCATCATCGTGCTCAGTCTG
HEK3_ED4b_1CTTins,SpCas9H840A,GGCCCAGACTGAGCACGTGA,GTTTTAGAGCTAGAAATAGCAAGTTAAAATAAGGCTAGTCCGTTATCAACTTGAAAAAGTGGGACCGAGTCGGTCC,TCTGCCATCAAAGCGTGCTCAGTCTG
HEK3_ED4c_2GtoC,SpCas9H840A,GGCCCAGACTGAGCACGTGA,GTTTTAGAGCTAGAAATAGCAAGTTAAAATAAGGCTAGTCCGTTATCAACTTGAAAAAGTGGGACCGAGTCGGTCC,TCTGCCATGACGTGCTCAGTCTG
HEK3_ED4d_1FLAGins,SpCas9H840A,GGCCCAGACTGAGCACGTGA,GTTTTAGAGCTAGAAATAGCAAGTTAAAATAAGGCTAGTCCGTTATCAACTTGAAAAAGTGGCACCGAGTCGGTGC,TGGAGGAAGCAGGGCTTCCTTTCCTCTGCCATCACTTATCGTCGTCATCCTTGTAATCCGTGCTCAGTCTG
RNF2_ED4e_1CtoA,SpCas9H840A,GTCATCTTAGTCATTACCTG,GTTTTAGAGCTAGAAATAGCAAGTTAAAATAAGGCTAGTCCGTTATCAACTTGAAAAAGTGGCACCGAGTCGGTGC,AACGAACACCTCATGTAATGACTAAGATG
EMX1_ED4f_1GtoC,SpCas9H840A,GAGTCCGAGCAGAAGAAGAA,GTTTTAGAGCTAGAAATAGCAAGTTAAAATAAGGCTAGTCCGTTATCAACTTGAAAAAGTGGCACCGAGTCGGTGC,ATGGGAGCCCTTGTTCTTCTGCTCGG
HBB_ED4g_2TtoA,SpCas9H840A,GTAACGGCAGACTTCTCCTC,GTTTTAGAGCTAGAAATAGCAAGTTAAAATAAGGCTAGTCCGTTATCAACTTGAAAAAGTGGCACCGAGTCGGTGC,ATCTGACTCCTGTGGAGAAGTCTGCC
FANCF_ED4h_1GtoC,SpCas9H840A,GGAATCCCTTCTGCAGCACC,GTTTTAGAGCTAGAAATAGCAAGTTAAAATAAGGCTAGTCCGTTATCAACTTGAAAAAGTGGCACCGAGTCGGTGC,GGAAAAGCGATCCAGGAGCTGCAGAAGGG
VEGFA_ED5a_31,SpCas9H840A,GATGTCTGCAGGCCAGATGA,GTTTTAGAGCTAGAAATAGCAAGTTAAAATAAGGCTAGTCCGTTATCAACTTGAAAAAGTGGCACCGAGTCGGTGC,CCCTCTGACAATGTGCCATCTGGAGCACTCATCTGGCCTGCAGA
VEGFA_ED5a_30,SpCas9H840A,GATGTCTGCAGGCCAGATGA,GTTTTAGAGCTAGAAATAGCAAGTTAAAATAAGGCTAGTCCGTTATCAACTTGAAAAAGTGGCACCGAGTCGGTGC,CCTCTGACAATGTGCCATCTGGAGCACTCATCTGGCCTGCAGA
VEGFA_ED5a_29,SpCas9H840A,GATGTCTGCAGGCCAGATGA,GTTTTAGAGCTAGAAATAGCAAGTTAAAATAAGGCTAGTCCGTTATCAACTTGAAAAAGTGGCACCGAGTCGGTGC,CTCTGACAATGTGCCATCTGGAGCACTCATCTGGCCTGCAGA
VEGFA_ED5a_28,SpCas9H840A,GATGTCTGCAGGCCAGATGA,GTTTTAGAGCTAGAAATAGCAAGTTAAAATAAGGCTAGTCCGTTATCAACTTGAAAAAGTGGCACCGAGTCGGTGC,TCTGACAATGTGCCATCTGGAGCACTCATCTGGCCTGCAGA
VEGFA_ED5a_27,SpCas9H840A,GATGTCTGCAGGCCAGATGA,GTTTTAGAGCTAGAAATAGCAAGTTAAAATAAGGCTAGTCCGTTATCAACTTGAAAAAGTGGCACCGAGTCGGTGC,CTGACAATGTGCCATCTGGAGCACTCATCTGGCCTGCAGA
VEGFA_ED5a_26,SpCas9H840A,GATGTCTGCAGGCCAGATGA,GTTTTAGAGCTAGAAATAGCAAGTTAAAATAAGGCTAGTCCGTTATCAACTTGAAAAAGTGGCACCGAGTCGGTGC,TGACAATGTGCCATCTGGAGCACTCATCTGGCCTGCAGA
VEGFA_ED5a_25,SpCas9H840A,GATGTCTGCAGGCCAGATGA,GTTTTAGAGCTAGAAATAGCAAGTTAAAATAAGGCTAGTCCGTTATCAACTTGAAAAAGTGGCACCGAGTCGGTGC,GACAATGTGCCATCTGGAGCACTCATCTGGCCTGCAGA
VEGFA_ED5a_24,SpCas9H840A,GATGTCTGCAGGCCAGATGA,GTTTTAGAGCTAGAAATAGCAAGTTAAAATAAGGCTAGTCCGTTATCAACTTGAAAAAGTGGCACCGAGTCGGTGC,ACAATGTGCCATCTGGAGCACTCATCTGGCCTGCAGA
VEGFA_ED5a_23,SpCas9H840A,GATGTCTGCAGGCCAGATGA,GTTTTAGAGCTAGAAATAGCAAGTTAAAATAAGGCTAGTCCGTTATCAACTTGAAAAAGTGGCACCGAGTCGGTGC,CAATGTGCCATCTGGAGCACTCATCTGGCCTGCAGA
VEGFA_ED5a_22,SpCas9H840A,GATGTCTGCAGGCCAGATGA,GTTTTAGAGCTAGAAATAGCAAGTTAAAATAAGGCTAGTCCGTTATCAACTTGAAAAAGTGGCACCGAGTCGGTGC,AATGTGCCATCTGGAGCACTCATCTGGCCTGCAGA
VEGFA_ED5a_21,SpCas9H840A,GATGTCTGCAGGCCAGATGA,GTTTTAGAGCTAGAAATAGCAAGTTAAAATAAGGCTAGTCCGTTATCAACTTGAAAAAGTGGCACCGAGTCGGTGC,ATGTGCCATCTGGAGCACTCATCTGGCCTGCAGA
VEGFA_ED5a_20,SpCas9H840A,GATGTCTGCAGGCCAGATGA,GTTTTAGAGCTAGAAATAGCAAGTTAAAATAAGGCTAGTCCGTTATCAACTTGAAAAAGTGGCACCGAGTCGGTGC,TGTGCCATCTGGAGCACTCATCTGGCCTGCAGA
VEGFA_ED5a_19,SpCas9H840A,GATGTCTGCAGGCCAGATGA,GTTTTAGAGCTAGAAATAGCAAGTTAAAATAAGGCTAGTCCGTTATCAACTTGAAAAAGTGGCACCGAGTCGGTGC,GTGCCATCTGGAGCACTCATCTGGCCTGCAGA
VEGFA_ED5a_18,SpCas9H840A,GATGTCTGCAGGCCAGATGA,GTTTTAGAGCTAGAAATAGCAAGTTAAAATAAGGCTAGTCCGTTATCAACTTGAAAAAGTGGCACCGAGTCGGTGC,TGCCATCTGGAGCACTCATCTGGCCTGCAGA
VEGFA_ED5a_17,SpCas9H840A,GATGTCTGCAGGCCAGATGA,GTTTTAGAGCTAGAAATAGCAAGTTAAAATAAGGCTAGTCCGTTATCAACTTGAAAAAGTGGCACCGAGTCGGTGC,GCCATCTGGAGCACTCATCTGGCCTGCAGA
VEGFA_ED5a_16,SpCas9H840A,GATGTCTGCAGGCCAGATGA,GTTTTAGAGCTAGAAATAGCAAGTTAAAATAAGGCTAGTCCGTTATCAACTTGAAAAAGTGGCACCGAGTCGGTGC,CCATCTGGAGCACTCATCTGGCCTGCAGA
VEGFA_ED5a_15,SpCas9H840A,GATGTCTGCAGGCCAGATGA,GTTTTAGAGCTAGAAATAGCAAGTTAAAATAAGGCTAGTCCGTTATCAACTTGAAAAAGTGGCACCGAGTCGGTGC,CATCTGGAGCACTCATCTGGCCTGCAGA
VEGFA_ED5a_14,SpCas9H840A,GATGTCTGCAGGCCAGATGA,GTTTTAGAGCTAGAAATAGCAAGTTAAAATAAGGCTAGTCCGTTATCAACTTGAAAAAGTGGCACCGAGTCGGTGC,ATCTGGAGCACTCATCTGGCCTGCAGA
VEGFA_ED5a_13,SpCas9H840A,GATGTCTGCAGGCCAGATGA,GTTTTAGAGCTAGAAATAGCAAGTTAAAATAAGGCTAGTCCGTTATCAACTTGAAAAAGTGGCACCGAGTCGGTGC,TCTGGAGCACTCATCTGGCCTGCAGA
VEGFA_ED5a_12,SpCas9H840A,GATGTCTGCAGGCCAGATGA,GTTTTAGAGCTAGAAATAGCAAGTTAAAATAAGGCTAGTCCGTTATCAACTTGAAAAAGTGGCACCGAGTCGGTGC,CTGGAGCACTCATCTGGCCTGCAGA
VEGFA_ED5a_11,SpCas9H840A,GATGTCTGCAGGCCAGATGA,GTTTTAGAGCTAGAAATAGCAAGTTAAAATAAGGCTAGTCCGTTATCAACTTGAAAAAGTGGCACCGAGTCGGTGC,TGGAGCACTCATCTGGCCTGCAGA
VEGFA_ED5a_10,SpCas9H840A,GATGTCTGCAGGCCAGATGA,GTTTTAGAGCTAGAAATAGCAAGTTAAAATAAGGCTAGTCCGTTATCAACTTGAAAAAGTGGCACCGAGTCGGTGC,GGAGCACTCATCTGGCCTGCAGA
VEGFA_ED5a_9,SpCas9H840A,GATGTCTGCAGGCCAGATGA,GTTTTAGAGCTAGAAATAGCAAGTTAAAATAAGGCTAGTCCGTTATCAACTTGAAAAAGTGGCACCGAGTCGGTGC,GAGCACTCATCTGGCCTGCAGA
VEGFA_ED5a_8,SpCas9H840A,GATGTCTGCAGGCCAGATGA,GTTTTAGAGCTAGAAATAGCAAGTTAAAATAAGGCTAGTCCGTTATCAACTTGAAAAAGTGGCACCGAGTCGGTGC,AGCACTCATCTGGCCTGCAGA
DNMT1_ED5b_31,SpCas9H840A,GATTCCTGGTGCCAGAAACA,GTTTTAGAGCTAGAAATAGCAAGTTAAAATAAGGCTAGTCCGTTATCAACTTGAAAAAGTGGCACCGAGTCGGTGC,AGGACTAGTTCTGCCCTCCCGTCACCACTGTTTCTGGCACCAGG
DNMT1_ED5b_30,SpCas9H840A,GATTCCTGGTGCCAGAAACA,GTTTTAGAGCTAGAAATAGCAAGTTAAAATAAGGCTAGTCCGTTATCAACTTGAAAAAGTGGCACCGAGTCGGTGC,GGACTAGTTCTGCCCTCCCGTCACCACTGTTTCTGGCACCAGG
DNMT1_ED5b_29,SpCas9H840A,GATTCCTGGTGCCAGAAACA,GTTTTAGAGCTAGAAATAGCAAGTTAAAATAAGGCTAGTCCGTTATCAACTTGAAAAAGTGGCACCGAGTCGGTGC,GACTAGTTCTGCCCTCCCGTCACCACTGTTTCTGGCACCAGG
DNMT1_ED5b_28,SpCas9H840A,GATTCCTGGTGCCAGAAACA,GTTTTAGAGCTAGAAATAGCAAGTTAAAATAAGGCTAGTCCGTTATCAACTTGAAAAAGTGGCACCGAGTCGGTGC,ACTAGTTCTGCCCTCCCGTCACCACTGTTTCTGGCACCAGG
DNMT1_ED5b_27,SpCas9H840A,GATTCCTGGTGCCAGAAACA,GTTTTAGAGCTAGAAATAGCAAGTTAAAATAAGGCTAGTCCGTTATCAACTTGAAAAAGTGGCACCGAGTCGGTGC,CTAGTTCTGCCCTCCCGTCACCACTGTTTCTGGCACCAGG
DNMT1_ED5b_26,SpCas9H840A,GATTCCTGGTGCCAGAAACA,GTTTTAGAGCTAGAAATAGCAAGTTAAAATAAGGCTAGTCCGTTATCAACTTGAAAAAGTGGCACCGAGTCGGTGC,TAGTTCTGCCCTCCCGTCACCACTGTTTCTGGCACCAGG
DNMT1_ED5b_25,SpCas9H840A,GATTCCTGGTGCCAGAAACA,GTTTTAGAGCTAGAAATAGCAAGTTAAAATAAGGCTAGTCCGTTATCAACTTGAAAAAGTGGCACCGAGTCGGTGC,AGTTCTGCCCTCCCGTCACCACTGTTTCTGGCACCAGG
DNMT1_ED5b_24,SpCas9H840A,GATTCCTGGTGCCAGAAACA,GTTTTAGAGCTAGAAATAGCAAGTTAAAATAAGGCTAGTCCGTTATCAACTTGAAAAAGTGGCACCGAGTCGGTGC,GTTCTGCCCTCCCGTCACCACTGTTTCTGGCACCAGG
DNMT1_ED5b_23,SpCas9H840A,GATTCCTGGTGCCAGAAACA,GTTTTAGAGCTAGAAATAGCAAGTTAAAATAAGGCTAGTCCGTTATCAACTTGAAAAAGTGGCACCGAGTCGGTGC,TTCTGCCCTCCCGTCACCACTGTTTCTGGCACCAGG
DNMT1_ED5b_22,SpCas9H840A,GATTCCTGGTGCCAGAAACA,GTTTTAGAGCTAGAAATAGCAAGTTAAAATAAGGCTAGTCCGTTATCAACTTGAAAAAGTGGCACCGAGTCGGTGC,TCTGCCCTCCCGTCACCACTGTTTCTGGCACCAGG
DNMT1_ED5b_21,SpCas9H840A,GATTCCTGGTGCCAGAAACA,GTTTTAGAGCTAGAAATAGCAAGTTAAAATAAGGCTAGTCCGTTATCAACTTGAAAAAGTGGCACCGAGTCGGTGC,CTGCCCTCCCGTCACCACTGTTTCTGGCACCAGG
DNMT1_ED5b_20,SpCas9H840A,GATTCCTGGTGCCAGAAACA,GTTTTAGAGCTAGAAATAGCAAGTTAAAATAAGGCTAGTCCGTTATCAACTTGAAAAAGTGGCACCGAGTCGGTGC,TGCCCTCCCGTCACCACTGTTTCTGGCACCAGG
DNMT1_ED5b_19,SpCas9H840A,GATTCCTGGTGCCAGAAACA,GTTTTAGAGCTAGAAATAGCAAGTTAAAATAAGGCTAGTCCGTTATCAACTTGAAAAAGTGGCACCGAGTCGGTGC,GCCCTCCCGTCACCACTGTTTCTGGCACCAGG
DNMT1_ED5b_18,SpCas9H840A,GATTCCTGGTGCCAGAAACA,GTTTTAGAGCTAGAAATAGCAAGTTAAAATAAGGCTAGTCCGTTATCAACTTGAAAAAGTGGCACCGAGTCGGTGC,CCCTCCCGTCACCACTGTTTCTGGCACCAGG
DNMT1_ED5b_17,SpCas9H840A,GATTCCTGGTGCCAGAAACA,GTTTTAGAGCTAGAAATAGCAAGTTAAAATAAGGCTAGTCCGTTATCAACTTGAAAAAGTGGCACCGAGTCGGTGC,CCTCCCGTCACCACTGTTTCTGGCACCAGG
DNMT1_ED5b_16,SpCas9H840A,GATTCCTGGTGCCAGAAACA,GTTTTAGAGCTAGAAATAGCAAGTTAAAATAAGGCTAGTCCGTTATCAACTTGAAAAAGTGGCACCGAGTCGGTGC,CTCCCGTCACCACTGTTTCTGGCACCAGG
DNMT1_ED5b_15,SpCas9H840A,GATTCCTGGTGCCAGAAACA,GTTTTAGAGCTAGAAATAGCAAGTTAAAATAAGGCTAGTCCGTTATCAACTTGAAAAAGTGGCACCGAGTCGGTGC,TCCCGTCACCACTGTTTCTGGCACCAGG
DNMT1_ED5b_14,SpCas9H840A,GATTCCTGGTGCCAGAAACA,GTTTTAGAGCTAGAAATAGCAAGTTAAAATAAGGCTAGTCCGTTATCAACTTGAAAAAGTGGCACCGAGTCGGTGC,CCCGTCACCACTGTTTCTGGCACCAGG
DNMT1_ED5b_13,SpCas9H840A,GATTCCTGGTGCCAGAAACA,GTTTTAGAGCTAGAAATAGCAAGTTAAAATAAGGCTAGTCCGTTATCAACTTGAAAAAGTGGCACCGAGTCGGTGC,CCGTCACCACTGTTTCTGGCACCAGG
DNMT1_ED5b_12,SpCas9H840A,GATTCCTGGTGCCAGAAACA,GTTTTAGAGCTAGAAATAGCAAGTTAAAATAAGGCTAGTCCGTTATCAACTTGAAAAAGTGGCACCGAGTCGGTGC,CGTCACCACTGTTTCTGGCACCAGG
DNMT1_ED5b_11,SpCas9H840A,GATTCCTGGTGCCAGAAACA,GTTTTAGAGCTAGAAATAGCAAGTTAAAATAAGGCTAGTCCGTTATCAACTTGAAAAAGTGGCACCGAGTCGGTGC,GTCACCACTGTTTCTGGCACCAGG
DNMT1_ED5b_10,SpCas9H840A,GATTCCTGGTGCCAGAAACA,GTTTTAGAGCTAGAAATAGCAAGTTAAAATAAGGCTAGTCCGTTATCAACTTGAAAAAGTGGCACCGAGTCGGTGC,TCACCACTGTTTCTGGCACCAGG
DNMT1_ED5b_9,SpCas9H840A,GATTCCTGGTGCCAGAAACA,GTTTTAGAGCTAGAAATAGCAAGTTAAAATAAGGCTAGTCCGTTATCAACTTGAAAAAGTGGCACCGAGTCGGTGC,CACCACTGTTTCTGGCACCAGG
DNMT1_ED5b_8,SpCas9H840A,GATTCCTGGTGCCAGAAACA,GTTTTAGAGCTAGAAATAGCAAGTTAAAATAAGGCTAGTCCGTTATCAACTTGAAAAAGTGGCACCGAGTCGGTGC,ACCACTGTTTCTGGCACCAGG
RUNX1_ED5c_31,SpCas9H840A,GCATTTTCAGGAGGAAGCGA,GTTTTAGAGCTAGAAATAGCAAGTTAAAATAAGGCTAGTCCGTTATCAACTTGAAAAAGTGGCACCGAGTCGGTGC,AATGACTCAAATATGCTGTCTGAAGCAATCGCTTCCTCCTGAAAAT
RUNX1_ED5c_30,SpCas9H840A,GCATTTTCAGGAGGAAGCGA,GTTTTAGAGCTAGAAATAGCAAGTTAAAATAAGGCTAGTCCGTTATCAACTTGAAAAAGTGGCACCGAGTCGGTGC,ATGACTCAAATATGCTGTCTGAAGCAATCGCTTCCTCCTGAAAAT
RUNX1_ED5c_29,SpCas9H840A,GCATTTTCAGGAGGAAGCGA,GTTTTAGAGCTAGAAATAGCAAGTTAAAATAAGGCTAGTCCGTTATCAACTTGAAAAAGTGGCACCGAGTCGGTGC,TGACTCAAATATGCTGTCTGAAGCAATCGCTTCCTCCTGAAAAT
RUNX1_ED5c_28,SpCas9H840A,GCATTTTCAGGAGGAAGCGA,GTTTTAGAGCTAGAAATAGCAAGTTAAAATAAGGCTAGTCCGTTATCAACTTGAAAAAGTGGCACCGAGTCGGTGC,GACTCAAATATGCTGTCTGAAGCAATCGCTTCCTCCTGAAAAT
RUNX1_ED5c_27,SpCas9H840A,GCATTTTCAGGAGGAAGCGA,GTTTTAGAGCTAGAAATAGCAAGTTAAAATAAGGCTAGTCCGTTATCAACTTGAAAAAGTGGCACCGAGTCGGTGC,ACTCAAATATGCTGTCTGAAGCAATCGCTTCCTCCTGAAAAT
RUNX1_ED5c_26,SpCas9H840A,GCATTTTCAGGAGGAAGCGA,GTTTTAGAGCTAGAAATAGCAAGTTAAAATAAGGCTAGTCCGTTATCAACTTGAAAAAGTGGCACCGAGTCGGTGC,CTCAAATATGCTGTCTGAAGCAATCGCTTCCTCCTGAAAAT
RUNX1_ED5c_25,SpCas9H840A,GCATTTTCAGGAGGAAGCGA,GTTTTAGAGCTAGAAATAGCAAGTTAAAATAAGGCTAGTCCGTTATCAACTTGAAAAAGTGGCACCGAGTCGGTGC,TCAAATATGCTGTCTGAAGCAATCGCTTCCTCCTGAAAAT
RUNX1_ED5c_24,SpCas9H840A,GCATTTTCAGGAGGAAGCGA,GTTTTAGAGCTAGAAATAGCAAGTTAAAATAAGGCTAGTCCGTTATCAACTTGAAAAAGTGGCACCGAGTCGGTGC,CAAATATGCTGTCTGAAGCAATCGCTTCCTCCTGAAAAT
RUNX1_ED5c_23,SpCas9H840A,GCATTTTCAGGAGGAAGCGA,GTTTTAGAGCTAGAAATAGCAAGTTAAAATAAGGCTAGTCCGTTATCAACTTGAAAAAGTGGCACCGAGTCGGTGC,AAATATGCTGTCTGAAGCAATCGCTTCCTCCTGAAAAT
RUNX1_ED5c_22,SpCas9H840A,GCATTTTCAGGAGGAAGCGA,GTTTTAGAGCTAGAAATAGCAAGTTAAAATAAGGCTAGTCCGTTATCAACTTGAAAAAGTGGCACCGAGTCGGTGC,AATATGCTGTCTGAAGCAATCGCTTCCTCCTGAAAAT
RUNX1_ED5c_21,SpCas9H840A,GCATTTTCAGGAGGAAGCGA,GTTTTAGAGCTAGAAATAGCAAGTTAAAATAAGGCTAGTCCGTTATCAACTTGAAAAAGTGGCACCGAGTCGGTGC,ATATGCTGTCTGAAGCAATCGCTTCCTCCTGAAAAT
RUNX1_ED5c_20,SpCas9H840A,GCATTTTCAGGAGGAAGCGA,GTTTTAGAGCTAGAAATAGCAAGTTAAAATAAGGCTAGTCCGTTATCAACTTGAAAAAGTGGCACCGAGTCGGTGC,TATGCTGTCTGAAGCAATCGCTTCCTCCTGAAAAT
RUNX1_ED5c_19,SpCas9H840A,GCATTTTCAGGAGGAAGCGA,GTTTTAGAGCTAGAAATAGCAAGTTAAAATAAGGCTAGTCCGTTATCAACTTGAAAAAGTGGCACCGAGTCGGTGC,ATGCTGTCTGAAGCAATCGCTTCCTCCTGAAAAT
RUNX1_ED5c_18,SpCas9H840A,GCATTTTCAGGAGGAAGCGA,GTTTTAGAGCTAGAAATAGCAAGTTAAAATAAGGCTAGTCCGTTATCAACTTGAAAAAGTGGCACCGAGTCGGTGC,TGCTGTCTGAAGCAATCGCTTCCTCCTGAAAAT
RUNX1_ED5c_17,SpCas9H840A,GCATTTTCAGGAGGAAGCGA,GTTTTAGAGCTAGAAATAGCAAGTTAAAATAAGGCTAGTCCGTTATCAACTTGAAAAAGTGGCACCGAGTCGGTGC,GCTGTCTGAAGCAATCGCTTCCTCCTGAAAAT
RUNX1_ED5c_16,SpCas9H840A,GCATTTTCAGGAGGAAGCGA,GTTTTAGAGCTAGAAATAGCAAGTTAAAATAAGGCTAGTCCGTTATCAACTTGAAAAAGTGGCACCGAGTCGGTGC,CTGTCTGAAGCAATCGCTTCCTCCTGAAAAT
RUNX1_ED5c_15,SpCas9H840A,GCATTTTCAGGAGGAAGCGA,GTTTTAGAGCTAGAAATAGCAAGTTAAAATAAGGCTAGTCCGTTATCAACTTGAAAAAGTGGCACCGAGTCGGTGC,TGTCTGAAGCAATCGCTTCCTCCTGAAAAT
RUNX1_ED5c_14,SpCas9H840A,GCATTTTCAGGAGGAAGCGA,GTTTTAGAGCTAGAAATAGCAAGTTAAAATAAGGCTAGTCCGTTATCAACTTGAAAAAGTGGCACCGAGTCGGTGC,GTCTGAAGCAATCGCTTCCTCCTGAAAAT
RUNX1_ED5c_13,SpCas9H840A,GCATTTTCAGGAGGAAGCGA,GTTTTAGAGCTAGAAATAGCAAGTTAAAATAAGGCTAGTCCGTTATCAACTTGAAAAAGTGGCACCGAGTCGGTGC,TCTGAAGCAATCGCTTCCTCCTGAAAAT
RUNX1_ED5c_12,SpCas9H840A,GCATTTTCAGGAGGAAGCGA,GTTTTAGAGCTAGAAATAGCAAGTTAAAATAAGGCTAGTCCGTTATCAACTTGAAAAAGTGGCACCGAGTCGGTGC,CTGAAGCAATCGCTTCCTCCTGAAAAT
RUNX1_ED5c_11,SpCas9H840A,GCATTTTCAGGAGGAAGCGA,GTTTTAGAGCTAGAAATAGCAAGTTAAAATAAGGCTAGTCCGTTATCAACTTGAAAAAGTGGCACCGAGTCGGTGC,TGAAGCAATCGCTTCCTCCTGAAAAT
RUNX1_ED5c_10,SpCas9H840A,GCATTTTCAGGAGGAAGCGA,GTTTTAGAGCTAGAAATAGCAAGTTAAAATAAGGCTAGTCCGTTATCAACTTGAAAAAGTGGCACCGAGTCGGTGC,GAAGCAATCGCTTCCTCCTGAAAAT
RUNX1_ED5c_9,SpCas9H840A,GCATTTTCAGGAGGAAGCGA,GTTTTAGAGCTAGAAATAGCAAGTTAAAATAAGGCTAGTCCGTTATCAACTTGAAAAAGTGGCACCGAGTCGGTGC,AAGCAATCGCTTCCTCCTGAAAAT
FANCF_ED5d_1AtoG,SpCas9H840A,GGAATCCCTTCTGCAGCACC,GTTTTAGAGCTAGAAATAGCAAGTTAAAATAAGGCTAGTCCGTTATCAACTTGAAAAAGTGGCACCGAGTCGGTGC,GGAAAAGCGATCCAGGCGCTGCAGAAGGGAT
FANCF_ED5d_1AtoT,SpCas9H840A,GGAATCCCTTCTGCAGCACC,GTTTTAGAGCTAGAAATAGCAAGTTAAAATAAGGCTAGTCCGTTATCAACTTGAAAAAGTGGCACCGAGTCGGTGC,GGAAAAGCGATCCAGGAGCTGCAGAAGGGAT
FANCF_ED5d_2CtoA,SpCas9H840A,GGAATCCCTTCTGCAGCACC,GTTTTAGAGCTAGAAATAGCAAGTTAAAATAAGGCTAGTCCGTTATCAACTTGAAAAAGTGGCACCGAGTCGGTGC,GGAAAAGCGATCCAGTTGCTGCAGAAGGGAT
FANCF_ED5d_3CtoG,SpCas9H840A,GGAATCCCTTCTGCAGCACC,GTTTTAGAGCTAGAAATAGCAAGTTAAAATAAGGCTAGTCCGTTATCAACTTGAAAAAGTGGCACCGAGTCGGTGC,GGAAAAGCGATCCACGTGCTGCAGAAGGGAT
FANCF_ED5d_3CtoT,SpCas9H840A,GGAATCCCTTCTGCAGCACC,GTTTTAGAGCTAGAAATAGCAAGTTAAAATAAGGCTAGTCCGTTATCAACTTGAAAAAGTGGCACCGAGTCGGTGC,GGAAAAGCGATCCAAGTGCTGCAGAAGGGAT
FANCF_ED5d_4TtoA,SpCas9H840A,GGAATCCCTTCTGCAGCACC,GTTTTAGAGCTAGAAATAGCAAGTTAAAATAAGGCTAGTCCGTTATCAACTTGAAAAAGTGGCACCGAGTCGGTGC,GGAAAAGCGATCCTGGTGCTGCAGAAGGGAT
FANCF_ED5d_4TtoG,SpCas9H840A,GGAATCCCTTCTGCAGCACC,GTTTTAGAGCTAGAAATAGCAAGTTAAAATAAGGCTAGTCCGTTATCAACTTGAAAAAGTGGCACCGAGTCGGTGC,GGAAAAGCGATCCCGGTGCTGCAGAAGGGAT
FANCF_ED5d_5GtoA,SpCas9H840A,GGAATCCCTTCTGCAGCACC,GTTTTAGAGCTAGAAATAGCAAGTTAAAATAAGGCTAGTCCGTTATCAACTTGAAAAAGTGGCACCGAGTCGGTGC,GGAAAAGCGATCTAGGTGCTGCAGAAGGGAT
FANCF_ED5d_6GtoC,SpCas9H840A,GGAATCCCTTCTGCAGCACC,GTTTTAGAGCTAGAAATAGCAAGTTAAAATAAGGCTAGTCCGTTATCAACTTGAAAAAGTGGCACCGAGTCGGTGC,GGAAAAGCGATGCAGGTGCTGCAGAAGGGAT
FANCF_ED5d_7AtoC,SpCas9H840A,GGAATCCCTTCTGCAGCACC,GTTTTAGAGCTAGAAATAGCAAGTTAAAATAAGGCTAGTCCGTTATCAACTTGAAAAAGTGGCACCGAGTCGGTGC,GGAAAAGCGAGCCAGGTGCTGCAGAAGGGAT
FANCF_ED5d_8TtoC,SpCas9H840A,GGAATCCCTTCTGCAGCACC,GTTTTAGAGCTAGAAATAGCAAGTTAAAATAAGGCTAGTCCGTTATCAACTTGAAAAAGTGGCACCGAGTCGGTGC,GGAAAAGCGGTCCAGGTGCTGCAGAAGGGAT
FANCF_ED5d_10GtoT,SpCas9H840A,GGAATCCCTTCTGCAGCACC,GTTTTAGAGCTAGAAATAGCAAGTTAAAATAAGGCTAGTCCGTTATCAACTTGAAAAAGTGGCACCGAGTCGGTGC,GGAAAAGAGATCCAGGTGCTGCAGAAGGGAT
EMX1_ED5e_2AtoC,SpCas9H840A,GAGTCCGAGCAGAAGAAGAA,GTTTTAGAGCTAGAAATAGCAAGTTAAAATAAGGCTAGTCCGTTATCAACTTGAAAAAGTGGCACCGAGTCGGTGC,GTGATGGGAGCCCTGCTTCTTCTGCTCGGA
EMX1_ED5e_2AtoT,SpCas9H840A,GAGTCCGAGCAGAAGAAGAA,GTTTTAGAGCTAGAAATAGCAAGTTAAAATAAGGCTAGTCCGTTATCAACTTGAAAAAGTGGCACCGAGTCGGTGC,GTGATGGGAGCCCTACTTCTTCTGCTCGGA
EMX1_ED5e_3AtoG,SpCas9H840A,GAGTCCGAGCAGAAGAAGAA,GTTTTAGAGCTAGAAATAGCAAGTTAAAATAAGGCTAGTCCGTTATCAACTTGAAAAAGTGGCACCGAGTCGGTGC,GTGATGGGAGCCCCTCTTCTTCTGCTCGGA
EMX1_ED5e_4GtoC,SpCas9H840A,GAGTCCGAGCAGAAGAAGAA,GTTTTAGAGCTAGAAATAGCAAGTTAAAATAAGGCTAGTCCGTTATCAACTTGAAAAAGTGGCACCGAGTCGGTGC,GTGATGGGAGCCGTTCTTCTTCTGCTCGGA
EMX1_ED5e_5GtoA,SpCas9H840A,GAGTCCGAGCAGAAGAAGAA,GTTTTAGAGCTAGAAATAGCAAGTTAAAATAAGGCTAGTCCGTTATCAACTTGAAAAAGTGGCACCGAGTCGGTGC,GTGATGGGAGCTCTTCTTCTTCTGCTCGGA
EMX1_ED5e_5GtoT,SpCas9H840A,GAGTCCGAGCAGAAGAAGAA,GTTTTAGAGCTAGAAATAGCAAGTTAAAATAAGGCTAGTCCGTTATCAACTTGAAAAAGTGGCACCGAGTCGGTGC,GTGATGGGAGCACTTCTTCTTCTGCTCGGA
EMX1_ED5e_7CtoA,SpCas9H840A,GAGTCCGAGCAGAAGAAGAA,GTTTTAGAGCTAGAAATAGCAAGTTAAAATAAGGCTAGTCCGTTATCAACTTGAAAAAGTGGCACCGAGTCGGTGC,GTGATGGGATCCCTTCTTCTTCTGCTCGGA
EMX1_ED5e_8TtoA,SpCas9H840A,GAGTCCGAGCAGAAGAAGAA,GTTTTAGAGCTAGAAATAGCAAGTTAAAATAAGGCTAGTCCGTTATCAACTTGAAAAAGTGGCACCGAGTCGGTGC,GTGATGGGTGCCCTTCTTCTTCTGCTCGGA
EMX1_ED5e_8TtoC,SpCas9H840A,GAGTCCGAGCAGAAGAAGAA,GTTTTAGAGCTAGAAATAGCAAGTTAAAATAAGGCTAGTCCGTTATCAACTTGAAAAAGTGGCACCGAGTCGGTGC,GTGATGGGGGCCCTTCTTCTTCTGCTCGGA
EMX1_ED5e_8TtoG,SpCas9H840A,GAGTCCGAGCAGAAGAAGAA,GTTTTAGAGCTAGAAATAGCAAGTTAAAATAAGGCTAGTCCGTTATCAACTTGAAAAAGTGGCACCGAGTCGGTGC,GTGATGGGCGCCCTTCTTCTTCTGCTCGGA
EMX1_ED5e_9CtoG,SpCas9H840A,GAGTCCGAGCAGAAGAAGAA,GTTTTAGAGCTAGAAATAGCAAGTTAAAATAAGGCTAGTCCGTTATCAACTTGAAAAAGTGGCACCGAGTCGGTGC,GTGATGGCAGCCCTTCTTCTTCTGCTCGGA
EMX1_ED5e_9CtoT,SpCas9H840A,GAGTCCGAGCAGAAGAAGAA,GTTTTAGAGCTAGAAATAGCAAGTTAAAATAAGGCTAGTCCGTTATCAACTTGAAAAAGTGGCACCGAGTCGGTGC,GTGATGGAAGCCCTTCTTCTTCTGCTCGGA
DNMT1_ED5f_1AtoC,SpCas9H840A,GATTCCTGGTGCCAGAAACA,GTTTTAGAGCTAGAAATAGCAAGTTAAAATAAGGCTAGTCCGTTATCAACTTGAAAAAGTGGCACCGAGTCGGTGC,GTCACCCCTGGTTCTGGCACCAGG
DNMT1_ED5f_1AtoG,SpCas9H840A,GATTCCTGGTGCCAGAAACA,GTTTTAGAGCTAGAAATAGCAAGTTAAAATAAGGCTAGTCCGTTATCAACTTGAAAAAGTGGCACCGAGTCGGTGC,GTCACCCCTGCTTCTGGCACCAGG
DNMT1_ED5f_2CtoA,SpCas9H840A,GATTCCTGGTGCCAGAAACA,GTTTTAGAGCTAGAAATAGCAAGTTAAAATAAGGCTAGTCCGTTATCAACTTGAAAAAGTGGCACCGAGTCGGTGC,GTCACCCCTTTTTCTGGCACCAGG
DNMT1_ED5f_2CtoG,SpCas9H840A,GATTCCTGGTGCCAGAAACA,GTTTTAGAGCTAGAAATAGCAAGTTAAAATAAGGCTAGTCCGTTATCAACTTGAAAAAGTGGCACCGAGTCGGTGC,GTCACCCCTCTTTCTGGCACCAGG
DNMT1_ED5f_2CtoT,SpCas9H840A,GATTCCTGGTGCCAGAAACA,GTTTTAGAGCTAGAAATAGCAAGTTAAAATAAGGCTAGTCCGTTATCAACTTGAAAAAGTGGCACCGAGTCGGTGC,GTCACCCCTATTTCTGGCACCAGG
DNMT1_ED5f_3AtoT,SpCas9H840A,GATTCCTGGTGCCAGAAACA,GTTTTAGAGCTAGAAATAGCAAGTTAAAATAAGGCTAGTCCGTTATCAACTTGAAAAAGTGGCACCGAGTCGGTGC,GTCACCCCAGTTTCTGGCACCAGG
DNMT1_ED5f_4GtoA,SpCas9H840A,GATTCCTGGTGCCAGAAACA,GTTTTAGAGCTAGAAATAGCAAGTTAAAATAAGGCTAGTCCGTTATCAACTTGAAAAAGTGGCACCGAGTCGGTGC,GTCACCCTTGTTTCTGGCACCAGG
DNMT1_ED5f_5GtoT,SpCas9H840A,GATTCCTGGTGCCAGAAACA,GTTTTAGAGCTAGAAATAGCAAGTTAAAATAAGGCTAGTCCGTTATCAACTTGAAAAAGTGGCACCGAGTCGGTGC,GTCACCACTGTTTCTGGCACCAGG
DNMT1_ED5f_6GtoC,SpCas9H840A,GATTCCTGGTGCCAGAAACA,GTTTTAGAGCTAGAAATAGCAAGTTAAAATAAGGCTAGTCCGTTATCAACTTGAAAAAGTGGCACCGAGTCGGTGC,GTCACGCCTGTTTCTGGCACCAGG
DNMT1_ED5f_8TtoA,SpCas9H840A,GATTCCTGGTGCCAGAAACA,GTTTTAGAGCTAGAAATAGCAAGTTAAAATAAGGCTAGTCCGTTATCAACTTGAAAAAGTGGCACCGAGTCGGTGC,GCCCTCCCGTCTCCCCTGTTTCTGGCACCAGG
DNMT1_ED5f_8TtoC,SpCas9H840A,GATTCCTGGTGCCAGAAACA,GTTTTAGAGCTAGAAATAGCAAGTTAAAATAAGGCTAGTCCGTTATCAACTTGAAAAAGTGGCACCGAGTCGGTGC,GCCCTCCCGTCGCCCCTGTTTCTGGCACCAGG
DNMT1_ED5f_8TtoG,SpCas9H840A,GATTCCTGGTGCCAGAAACA,GTTTTAGAGCTAGAAATAGCAAGTTAAAATAAGGCTAGTCCGTTATCAACTTGAAAAAGTGGCACCGAGTCGGTGC,GCCCTCCCGTCCCCCCTGTTTCTGGCACCAGG
HEK3_ED6a_C3,SpCas9H840A,GGCCCAGACTGAGCACGTGA,GTTTTAGAGCTAGAAATAGCAAGTTAAAATAAGGCTAGTCCGTTATCAACTTGAAAAAGTGGGACCGAGTCGGTCC,TCTGTCATCACGTGCTCAGTCTG
HEK3_ED6a_C4,SpCas9H840A,GGCCCAGACTGAGCACGTGA,GTTTTAGAGCTAGAAATAGCAAGTTAAAATAAGGCTAGTCCGTTATCAACTTGAAAAAGTGGGACCGAGTCGGTCC,TCTGCTATCACGTGCTCAGTCTG
HEK3_ED6a_C7,SpCas9H840A,GGCCCAGACTGAGCACGTGA,GTTTTAGAGCTAGAAATAGCAAGTTAAAATAAGGCTAGTCCGTTATCAACTTGAAAAAGTGGGACCGAGTCGGTCC,TCTGCCATTACGTGCTCAGTCTG
FANCF_ED6a_C3,SpCas9H840A,GGAATCCCTTCTGCAGCACC,GTTTTAGAGCTAGAAATAGCAAGTTAAAATAAGGCTAGTCCGTTATCAACTTGAAAAAGTGGCACCGAGTCGGTGC,GGAAAAGTGATCCAGGTGCTGCAGAAGGGAT
FANCF_ED6a_C7,SpCas9H840A,GGAATCCCTTCTGCAGCACC,GTTTTAGAGCTAGAAATAGCAAGTTAAAATAAGGCTAGTCCGTTATCAACTTGAAAAAGTGGCACCGAGTCGGTGC,GGAAAAGCGATTCAGGTGCTGCAGAAGGGAT
FANCF_ED6a_C8,SpCas9H840A,GGAATCCCTTCTGCAGCACC,GTTTTAGAGCTAGAAATAGCAAGTTAAAATAAGGCTAGTCCGTTATCAACTTGAAAAAGTGGCACCGAGTCGGTGC,GGAAAAGCGATCTAGGTGCTGCAGAAGGGAT
EMX1_ED6a_C5,SpCas9H840A,GAGTCCGAGCAGAAGAAGAA,GTTTTAGAGCTAGAAATAGCAAGTTAAAATAAGGCTAGTCCGTTATCAACTTGAAAAAGTGGCACCGAGTCGGTGC,GTGATGGGAGTCCTTCTTCTTCTGCTCGGA
EMX1_ED6a_C6,SpCas9H840A,GAGTCCGAGCAGAAGAAGAA,GTTTTAGAGCTAGAAATAGCAAGTTAAAATAAGGCTAGTCCGTTATCAACTTGAAAAAGTGGCACCGAGTCGGTGC,GTGATGGGAGCTCTTCTTCTTCTGCTCGGA
EMX1_ED6a_C7,SpCas9H840A,GAGTCCGAGCAGAAGAAGAA,GTTTTAGAGCTAGAAATAGCAAGTTAAAATAAGGCTAGTCCGTTATCAACTTGAAAAAGTGGCACCGAGTCGGTGC,GTGATGGGAGCCTTTCTTCTTCTGCTCGGA
EMX1_ED6c_C5_6,SpCas9H840A,GAGTCCGAGCAGAAGAAGAA,GTTTTAGAGCTAGAAATAGCAAGTTAAAATAAGGCTAGTCCGTTATCAACTTGAAAAAGTGGCACCGAGTCGGTGC,GTGATGGGAGTTCTTCTTCTTCTGCTCGGA
EMX1_ED6c_C5_7,SpCas9H840A,GAGTCCGAGCAGAAGAAGAA,GTTTTAGAGCTAGAAATAGCAAGTTAAAATAAGGCTAGTCCGTTATCAACTTGAAAAAGTGGCACCGAGTCGGTGC,GTGATGGGAGTCTTTCTTCTTCTGCTCGGA
EMX1_ED6c_C6_7,SpCas9H840A,GAGTCCGAGCAGAAGAAGAA,GTTTTAGAGCTAGAAATAGCAAGTTAAAATAAGGCTAGTCCGTTATCAACTTGAAAAAGTGGCACCGAGTCGGTGC,GTGATGGGAGCTTTTCTTCTTCTGCTCGGA
EMX1_ED6c_C5_6_7,SpCas9H840A,GAGTCCGAGCAGAAGAAGAA,GTTTTAGAGCTAGAAATAGCAAGTTAAAATAAGGCTAGTCCGTTATCAACTTGAAAAAGTGGCACCGAGTCGGTGC,GTGATGGGAGTTTTTCTTCTTCTGCTCGGA
HEK3_ED6d_A5,SpCas9H840A,GGCCCAGACTGAGCACGTGA,GTTTTAGAGCTAGAAATAGCAAGTTAAAATAAGGCTAGTCCGTTATCAACTTGAAAAAGTGGGACCGAGTCGGTCC,TCTGCCGTCACGTGCTCAGTCTG
HEK3_ED6d_A8,SpCas9H840A,GGCCCAGACTGAGCACGTGA,GTTTTAGAGCTAGAAATAGCAAGTTAAAATAAGGCTAGTCCGTTATCAACTTGAAAAAGTGGGACCGAGTCGGTCC,TCTGCCATCGCGTGCTCAGTCTG
HEK3_ED6g-h_pegRNA_1,SpCas9H840A,GGCCCAGACTGAGCACGTGA,GTTTTAGAGCTAGAAATAGCAAGTTAAAATAAGGCTAGTCCGTTATCAACTTGAAAAAGTGGGACCGAGTCGGTCC,TCTGCCATCTCGTGCTCAGTCTG
HEK3_ED6g-h_pegRNA_2,SpCas9H840A,GGCCCAGACTGAGCACGTGA,GTTTTAGAGCTAGAAATAGCAAGTTAAAATAAGGCTAGTCCGTTATCAACTTGAAAAAGTGGGACCGAGTCGGTCC,TCTGCCATCAAAGCGTGCTCAGTCTG
HEK3_ED6g-h_pegRNA_3,SpCas9H840A,GGCCCAGACTGAGCACGTGA,GTTTTAGAGCTAGAAATAGCAAGTTAAAATAAGGCTAGTCCGTTATCAACTTGAAAAAGTGGGACCGAGTCGGTCC,TCTGCCATCCGTGCTCAGTCTG
HEK3_ED6g-h_pegRNA_4,SpCas9H840A,GGCCCAGACTGAGCACGTGA,GTTTTAGAGCTAGAAATAGCAAGTTAAAATAAGGCTAGTCCGTTATCAACTTGAAAAAGTGGGACCGAGTCGGTCC,TCTGCGATCACGTGCTCAGTCTG
HEK4_ED6g-h_pegRNA_1,SpCas9H840A,GGCACTGCGGCTGGAGGTGG,GTTTTAGAGCTAGAAATAGCAAGTTAAAATAAGGCTAGTCCGTTATCAACTTGAAAAAGTGGCACCGAGTCGGTGC,TTAACGCCCACCTCCAGCC
HEK4_ED6g-h_pegRNA_2,SpCas9H840A,GGCACTGCGGCTGGAGGTGG,GTTTTAGAGCTAGAAATAGCAAGTTAAAATAAGGCTAGTCCGTTATCAACTTGAAAAAGTGGCACCGAGTCGGTGC,TTAACCCCCCCCTCCAGCC
HEK4_ED6g-h_pegRNA_3,SpCas9H840A,GGCACTGCGGCTGGAGGTGG,GTTTTAGAGCTAGAAATAGCAAGTTAAAATAAGGCTAGTCCGTTATCAACTTGAAAAAGTGGCACCGAGTCGGTGC,TTAACCCCTTACACCTCCAGCC
HEK4_ED6g-h_pegRNA_4,SpCas9H840A,GGCACTGCGGCTGGAGGTGG,GTTTTAGAGCTAGAAATAGCAAGTTAAAATAAGGCTAGTCCGTTATCAACTTGAAAAAGTGGCACCGAGTCGGTGC,TTAACCCCCCCTCCAGCC
EMX1_ED6g-h_pegRNA_1,SpCas9H840A,GAGTCCGAGCAGAAGAAGAA,GTTTTAGAGCTAGAAATAGCAAGTTAAAATAAGGCTAGTCCGTTATCAACTTGAAAAAGTGGCACCGAGTCGGTGC,GTGATGGGAGCACTTCTTCTTCTGCTCGGA
EMX1_ED6g-h_pegRNA_2,SpCas9H840A,GAGTCCGAGCAGAAGAAGAA,GTTTTAGAGCTAGAAATAGCAAGTTAAAATAAGGCTAGTCCGTTATCAACTTGAAAAAGTGGCACCGAGTCGGTGC,GTGATGGGAGCCCTGCTTCTTCTGCTCGGA
EMX1_ED6g-h_pegRNA_3,SpCas9H840A,GAGTCCGAGCAGAAGAAGAA,GTTTTAGAGCTAGAAATAGCAAGTTAAAATAAGGCTAGTCCGTTATCAACTTGAAAAAGTGGCACCGAGTCGGTGC,GTGATGGGAGCCCTTCGCATTCTTCTGCTCGGA
EMX1_ED6g-h_pegRNA_4,SpCas9H840A,GAGTCCGAGCAGAAGAAGAA,GTTTTAGAGCTAGAAATAGCAAGTTAAAATAAGGCTAGTCCGTTATCAACTTGAAAAAGTGGCACCGAGTCGGTGC,GTGATGGGAGTTCTTCTTCTGCTCGGA
FANCF_ED6g-h_pegRNA_1,SpCas9H840A,GGAATCCCTTCTGCAGCACC,GTTTTAGAGCTAGAAATAGCAAGTTAAAATAAGGCTAGTCCGTTATCAACTTGAAAAAGTGGCACCGAGTCGGTGC,GGAAAAGCGATGCAGGTGCTGCAGAAGGGAT
FANCF_ED6g-h_pegRNA_2,SpCas9H840A,GGAATCCCTTCTGCAGCACC,GTTTTAGAGCTAGAAATAGCAAGTTAAAATAAGGCTAGTCCGTTATCAACTTGAAAAAGTGGCACCGAGTCGGTGC,GGAAAAGCGATCCAGGCGCTGCAGAAGGGAT
FANCF_ED6g-h_pegRNA_3,SpCas9H840A,GGAATCCCTTCTGCAGCACC,GTTTTAGAGCTAGAAATAGCAAGTTAAAATAAGGCTAGTCCGTTATCAACTTGAAAAAGTGGCACCGAGTCGGTGC,GGAAAAGCGATCCAATCGGTGCTGCAGAAGGGAT
HEK3_ED8_5GtoA,SpCas9H840A,GGCCCAGACTGAGCACGTGA,GTTTTAGAGCTAGAAATAGCAAGTTAAAATAAGGCTAGTCCGTTATCAACTTGAAAAAGTGGGACCGAGTCGGTCC,TCTGCTATCACGTGCTCAGTCTG
PRNP_ED8,SpCas9H840A,GCAGTGGTGGGGGGCCTTGG,GTTTTAGAGCTAGAAATAGCAAGTTAAAATAAGGCTAGTCCGTTATCAACTTGAAAAAGTGGCACCGAGTCGGTGC,ATGTAGACGCCAAGGCCCCCCACC
HEXA_ED8,SpCas9H840A,GTACCTGAACCGTATATCCTA,GTTTTAGAGCTAGAAATAGCAAGTTAAAATAAGGCTAGTCCGTTATCAACTTGAAAAAGTGGCACCGAGTCGGTGC,AGTCAGGGCCATAGGATAGATATACGGTTC
HBB_3.5,SpCas9H840A,GTAACGGCAGACTTCTCCAC,GTTTTAGAGCTAGAAATAGCAAGTTAAAATAAGGCTAGTCCGTTATCAACTTGAAAAAGTGGCACCGAGTCGGTGC,ACCTGACTCCTGAGGAGAAGTCTGCC
HBB_3.7,SpCas9H840A,GCATGGTGCACCTGACTCCTG,GTTTTAGAGCTAGAAATAGCAAGTTAAAATAAGGCTAGTCCGTTATCAACTTGAAAAAGTGGCACCGAGTCGGTGC,AGACTTCTCCTCAGGAGTCAGGTGCAC
HBB_5.2,SpCas9H840A,GCATGGTGCACCTGACTCCTG,GTTTTAGAGCTAGAAATAGCAAGTTAAAATAAGGCTAGTCCGTTATCAACTTGAAAAAGTGGCACCGAGTCGGTGC,TAACGGCAGACTTCTCCTCAGGAGTCAGGTGCAC
HBB_5.3,SpCas9H840A,GCATGGTGCACCTGACTCCTG,GTTTTAGAGCTAGAAATAGCAAGTTAAAATAAGGCTAGTCCGTTATCAACTTGAAAAAGTGGCACCGAGTCGGTGC,ACGGCAGACTTCTCCTCAGGAGTCAGGTGCAC
HBB_5.4,SpCas9H840A,GCATGGTGCACCTGACTCCTG,GTTTTAGAGCTAGAAATAGCAAGTTAAAATAAGGCTAGTCCGTTATCAACTTGAAAAAGTGGCACCGAGTCGGTGC,GGCAGACTTCTCCTCAGGAGTCAGGTGCAC
HBB_5.5,SpCas9H840A,GCATGGTGCACCTGACTCCTG,GTTTTAGAGCTAGAAATAGCAAGTTAAAATAAGGCTAGTCCGTTATCAACTTGAAAAAGTGGCACCGAGTCGGTGC,GCAGACTTCTCCTCAGGAGTCAGGTGCAC
HBB_5.6,SpCas9H840A,GCATGGTGCACCTGACTCCTG,GTTTTAGAGCTAGAAATAGCAAGTTAAAATAAGGCTAGTCCGTTATCAACTTGAAAAAGTGGCACCGAGTCGGTGC,GACTTCTCCTCAGGAGTCAGGTGCAC
HBB_5.7,SpCas9H840A,GCATGGTGCACCTGACTCCTG,GTTTTAGAGCTAGAAATAGCAAGTTAAAATAAGGCTAGTCCGTTATCAACTTGAAAAAGTGGCACCGAGTCGGTGC,ACTTCTCCTCAGGAGTCAGGTGCAC
HBB_5.8,SpCas9H840A,GCATGGTGCACCTGACTCCTG,GTTTTAGAGCTAGAAATAGCAAGTTAAAATAAGGCTAGTCCGTTATCAACTTGAAAAAGTGGCACCGAGTCGGTGC,TAACGGCAGACTTCTCCTCAGGAGTCAGGTGCA
HBB_5.9,SpCas9H840A,GCATGGTGCACCTGACTCCTG,GTTTTAGAGCTAGAAATAGCAAGTTAAAATAAGGCTAGTCCGTTATCAACTTGAAAAAGTGGCACCGAGTCGGTGC,ACGGCAGACTTCTCCTCAGGAGTCAGGTGCA
HBB_5.10,SpCas9H840A,GCATGGTGCACCTGACTCCTG,GTTTTAGAGCTAGAAATAGCAAGTTAAAATAAGGCTAGTCCGTTATCAACTTGAAAAAGTGGCACCGAGTCGGTGC,GGCAGACTTCTCCTCAGGAGTCAGGTGCA
HBB_5.11,SpCas9H840A,GCATGGTGCACCTGACTCCTG,GTTTTAGAGCTAGAAATAGCAAGTTAAAATAAGGCTAGTCCGTTATCAACTTGAAAAAGTGGCACCGAGTCGGTGC,GCAGACTTCTCCTCAGGAGTCAGGTGCA
HBB_5.12,SpCas9H840A,GCATGGTGCACCTGACTCCTG,GTTTTAGAGCTAGAAATAGCAAGTTAAAATAAGGCTAGTCCGTTATCAACTTGAAAAAGTGGCACCGAGTCGGTGC,GACTTCTCCTCAGGAGTCAGGTGCA
HBB_5.13,SpCas9H840A,GCATGGTGCACCTGACTCCTG,GTTTTAGAGCTAGAAATAGCAAGTTAAAATAAGGCTAGTCCGTTATCAACTTGAAAAAGTGGCACCGAGTCGGTGC,ACTTCTCCTCAGGAGTCAGGTGCA
HEXAs_1,SpCas9H840A,GATCCTTCCAGTCAGGGCCAT,GTTTTAGAGCTAGAAATAGCAAGTTAAAATAAGGCTAGTCCGTTATCAACTTGAAAAAGTGGCACCGAGTCGGTGC,ATATCTTATGGCCCTGACTGGAA
HEXAs_2,SpCas9H840A,GATCCTTCCAGTCAGGGCCAT,GTTTTAGAGCTAGAAATAGCAAGTTAAAATAAGGCTAGTCCGTTATCAACTTGAAAAAGTGGCACCGAGTCGGTGC,TATATCTTATGGCCCTGACTGGAA
HEXAs_3,SpCas9H840A,GATCCTTCCAGTCAGGGCCAT,GTTTTAGAGCTAGAAATAGCAAGTTAAAATAAGGCTAGTCCGTTATCAACTTGAAAAAGTGGCACCGAGTCGGTGC,GTATATCTTATGGCCCTGACTGGAA
HEXAs_4,SpCas9H840A,GATCCTTCCAGTCAGGGCCAT,GTTTTAGAGCTAGAAATAGCAAGTTAAAATAAGGCTAGTCCGTTATCAACTTGAAAAAGTGGCACCGAGTCGGTGC,ACCGTATATCTTATGGCCCTGACTGGAA
HEXAs_5,SpCas9H840A,GATCCTTCCAGTCAGGGCCAT,GTTTTAGAGCTAGAAATAGCAAGTTAAAATAAGGCTAGTCCGTTATCAACTTGAAAAAGTGGCACCGAGTCGGTGC,AACCGTATATCTTATGGCCCTGACTGGAA
HEXAs_6,SpCas9H840A,GATCCTTCCAGTCAGGGCCAT,GTTTTAGAGCTAGAAATAGCAAGTTAAAATAAGGCTAGTCCGTTATCAACTTGAAAAAGTGGCACCGAGTCGGTGC,GAACCGTATATCTTATGGCCCTGACTGGAA
HEXAs_7,SpCas9H840A,GATCCTTCCAGTCAGGGCCAT,GTTTTAGAGCTAGAAATAGCAAGTTAAAATAAGGCTAGTCCGTTATCAACTTGAAAAAGTGGCACCGAGTCGGTGC,TGAACCGTATATCTTATGGCCCTGACTGGAA
HEXAs_8,SpCas9H840A,GATCCTTCCAGTCAGGGCCAT,GTTTTAGAGCTAGAAATAGCAAGTTAAAATAAGGCTAGTCCGTTATCAACTTGAAAAAGTGGCACCGAGTCGGTGC,ATATCTTATGGCCCTGACT
HEXAs_9,SpCas9H840A,GATCCTTCCAGTCAGGGCCAT,GTTTTAGAGCTAGAAATAGCAAGTTAAAATAAGGCTAGTCCGTTATCAACTTGAAAAAGTGGCACCGAGTCGGTGC,TATATCTTATGGCCCTGACT
HEXAs_10,SpCas9H840A,GATCCTTCCAGTCAGGGCCAT,GTTTTAGAGCTAGAAATAGCAAGTTAAAATAAGGCTAGTCCGTTATCAACTTGAAAAAGTGGCACCGAGTCGGTGC,GTATATCTTATGGCCCTGACT
HEXAs_11,SpCas9H840A,GATCCTTCCAGTCAGGGCCAT,GTTTTAGAGCTAGAAATAGCAAGTTAAAATAAGGCTAGTCCGTTATCAACTTGAAAAAGTGGCACCGAGTCGGTGC,ACCGTATATCTTATGGCCCTGACT
HEXAs_12,SpCas9H840A,GATCCTTCCAGTCAGGGCCAT,GTTTTAGAGCTAGAAATAGCAAGTTAAAATAAGGCTAGTCCGTTATCAACTTGAAAAAGTGGCACCGAGTCGGTGC,AACCGTATATCTTATGGCCCTGACT
HEXAs_13,SpCas9H840A,GATCCTTCCAGTCAGGGCCAT,GTTTTAGAGCTAGAAATAGCAAGTTAAAATAAGGCTAGTCCGTTATCAACTTGAAAAAGTGGCACCGAGTCGGTGC,GAACCGTATATCTTATGGCCCTGACT
HEXAs_14,SpCas9H840A,GATCCTTCCAGTCAGGGCCAT,GTTTTAGAGCTAGAAATAGCAAGTTAAAATAAGGCTAGTCCGTTATCAACTTGAAAAAGTGGCACCGAGTCGGTGC,TGAACCGTATATCTTATGGCCCTGACT
HEXAs_15,SpCas9H840A,GATCCTTCCAGTCAGGGCCAT,GTTTTAGAGCTAGAAATAGCAAGTTAAAATAAGGCTAGTCCGTTATCAACTTGAAAAAGTGGCACCGAGTCGGTGC,TGAACCGTATATCTTATGGCCCTGAC
HEXAs_16,SpCas9H840A,GATCCTTCCAGTCAGGGCCAT,GTTTTAGAGCTAGAAATAGCAAGTTAAAATAAGGCTAGTCCGTTATCAACTTGAAAAAGTGGCACCGAGTCGGTGC,TGAACCGTATATCTTATGGCCCTGACTG
HEXAs_17,SpCas9H840A,GATCCTTCCAGTCAGGGCCAT,GTTTTAGAGCTAGAAATAGCAAGTTAAAATAAGGCTAGTCCGTTATCAACTTGAAAAAGTGGCACCGAGTCGGTGC,TGAACCGTATATCTTATGGCCCTGACTGG
HEXAs_18,SpCas9H840A,GATCCTTCCAGTCAGGGCCAT,GTTTTAGAGCTAGAAATAGCAAGTTAAAATAAGGCTAGTCCGTTATCAACTTGAAAAAGTGGCACCGAGTCGGTGC,TGAACCGTATATCTTATGGCCCTGACTGGA
HEXAs_19,SpCas9H840A,GATCCTTCCAGTCAGGGCCAT,GTTTTAGAGCTAGAAATAGCAAGTTAAAATAAGGCTAGTCCGTTATCAACTTGAAAAAGTGGCACCGAGTCGGTGC,TGAACCGTATATCTTATGGCCCTGACTGGAA
HEXAs_20,SpCas9H840A,GATCCTTCCAGTCAGGGCCAT,GTTTTAGAGCTAGAAATAGCAAGTTAAAATAAGGCTAGTCCGTTATCAACTTGAAAAAGTGGCACCGAGTCGGTGC,TGAACCGTATATCTTATGGCCCTGACTGGAAG
HEXAs_21,SpCas9H840A,GATCCTTCCAGTCAGGGCCAT,GTTTTAGAGCTAGAAATAGCAAGTTAAAATAAGGCTAGTCCGTTATCAACTTGAAAAAGTGGCACCGAGTCGGTGC,TGAACCGTATATCTTATGGCCCTGACTGGAAGG
HEXAs_22,SpCas9H840A,GATCCTTCCAGTCAGGGCCAT,GTTTTAGAGCTAGAAATAGCAAGTTAAAATAAGGCTAGTCCGTTATCAACTTGAAAAAGTGGCACCGAGTCGGTGC,ACCTGAACCGTATATCTTATGGCCCTGACT
HEXAs_23,SpCas9H840A,GATCCTTCCAGTCAGGGCCAT,GTTTTAGAGCTAGAAATAGCAAGTTAAAATAAGGCTAGTCCGTTATCAACTTGAAAAAGTGGCACCGAGTCGGTGC,TACCTGAACCGTATATCTTATGGCCCTGACT
HEXAs_24,SpCas9H840A,GATCCTTCCAGTCAGGGCCAT,GTTTTAGAGCTAGAAATAGCAAGTTAAAATAAGGCTAGTCCGTTATCAACTTGAAAAAGTGGCACCGAGTCGGTGC,GTACCTGAACCGTATATCTTATGGCCCTGACT
HEXAs_25,SpCas9H840A,GATCCTTCCAGTCAGGGCCAT,GTTTTAGAGCTAGAAATAGCAAGTTAAAATAAGGCTAGTCCGTTATCAACTTGAAAAAGTGGCACCGAGTCGGTGC,GGTACCTGAACCGTATATCTTATGGCCCTGACT
HEXAs_26,SpCas9H840A,GATCCTTCCAGTCAGGGCCAT,GTTTTAGAGCTAGAAATAGCAAGTTAAAATAAGGCTAGTCCGTTATCAACTTGAAAAAGTGGCACCGAGTCGGTGC,TGGTACCTGAACCGTATATCTTATGGCCCTGACT
HEXA_5,SpCas9H840A,GATCCTTCCAGTCAGGGCCAT,GTTTTAGAGCTAGAAATAGCAAGTTAAAATAAGGCTAGTCCGTTATCAACTTGAAAAAGTGGCACCGAGTCGGTGC,ACCTGAACCGTATATCCTATGGCCCTGACTGGAA
HEXA_6,SpCas9H840A,GATCCTTCCAGTCAGGGCCAT,GTTTTAGAGCTAGAAATAGCAAGTTAAAATAAGGCTAGTCCGTTATCAACTTGAAAAAGTGGCACCGAGTCGGTGC,ACCGTATATCCTATGGCCCTGACTGGAA
HEXA_7,SpCas9H840A,GATCCTTCCAGTCAGGGCCAT,GTTTTAGAGCTAGAAATAGCAAGTTAAAATAAGGCTAGTCCGTTATCAACTTGAAAAAGTGGCACCGAGTCGGTGC,ACCTGAACCGTATATCCTATGGCCCTGACTGGAAGG
HEXA_8,SpCas9H840A,GATCCTTCCAGTCAGGGCCAT,GTTTTAGAGCTAGAAATAGCAAGTTAAAATAAGGCTAGTCCGTTATCAACTTGAAAAAGTGGCACCGAGTCGGTGC,ACCTGAACCGTATATCCTATGGCCCTGACTGGAAG
HEXA_9,SpCas9H840A,GATCCTTCCAGTCAGGGCCAT,GTTTTAGAGCTAGAAATAGCAAGTTAAAATAAGGCTAGTCCGTTATCAACTTGAAAAAGTGGCACCGAGTCGGTGC,ACCTGAACCGTATATCCTATGGCCCTGACTGGA
HEXA_10,SpCas9H840A,GATCCTTCCAGTCAGGGCCAT,GTTTTAGAGCTAGAAATAGCAAGTTAAAATAAGGCTAGTCCGTTATCAACTTGAAAAAGTGGCACCGAGTCGGTGC,ACCTGAACCGTATATCCTATGGCCCTGACTGG
HEXA_11,SpCas9H840A,GATCCTTCCAGTCAGGGCCAT,GTTTTAGAGCTAGAAATAGCAAGTTAAAATAAGGCTAGTCCGTTATCAACTTGAAAAAGTGGCACCGAGTCGGTGC,ACCTGAACCGTATATCCTATGGCCCTGACTG
HEXA_12,SpCas9H840A,GATCCTTCCAGTCAGGGCCAT,GTTTTAGAGCTAGAAATAGCAAGTTAAAATAAGGCTAGTCCGTTATCAACTTGAAAAAGTGGCACCGAGTCGGTGC,AACCGTATATCCTATGGCCCTGACTGGAA
HEXA_13,SpCas9H840A,GATCCTTCCAGTCAGGGCCAT,GTTTTAGAGCTAGAAATAGCAAGTTAAAATAAGGCTAGTCCGTTATCAACTTGAAAAAGTGGCACCGAGTCGGTGC,TGAACCGTATATCCTATGGCCCTGACTGGAA
HEXA_14,SpCas9H840A,GATCCTTCCAGTCAGGGCCAT,GTTTTAGAGCTAGAAATAGCAAGTTAAAATAAGGCTAGTCCGTTATCAACTTGAAAAAGTGGCACCGAGTCGGTGC,TACCTGAACCGTATATCCTATGGCCCTGACTGGAA
HEXA_15,SpCas9H840A,GATCCTTCCAGTCAGGGCCAT,GTTTTAGAGCTAGAAATAGCAAGTTAAAATAAGGCTAGTCCGTTATCAACTTGAAAAAGTGGCACCGAGTCGGTGC,TGGTACCTGAACCGTATATCCTATGGCCCTGACTGGAA
HEXA_16,SpCas9H840A,GATCCTTCCAGTCAGGGCCAT,GTTTTAGAGCTAGAAATAGCAAGTTAAAATAAGGCTAGTCCGTTATCAACTTGAAAAAGTGGCACCGAGTCGGTGC,GTACCTGAACCGTATATCCTATGGCCCTGACTGGAA
HEXA_17,SpCas9H840A,GATCCTTCCAGTCAGGGCCAT,GTTTTAGAGCTAGAAATAGCAAGTTAAAATAAGGCTAGTCCGTTATCAACTTGAAAAAGTGGCACCGAGTCGGTGC,AACCGTATATCCTATGGCCCTGACTG
HEXA_18,SpCas9H840A,GATCCTTCCAGTCAGGGCCAT,GTTTTAGAGCTAGAAATAGCAAGTTAAAATAAGGCTAGTCCGTTATCAACTTGAAAAAGTGGCACCGAGTCGGTGC,TGAACCGTATATCCTATGGCCCTGACTG
HEXA_19,SpCas9H840A,GATCCTTCCAGTCAGGGCCAT,GTTTTAGAGCTAGAAATAGCAAGTTAAAATAAGGCTAGTCCGTTATCAACTTGAAAAAGTGGCACCGAGTCGGTGC,TACCTGAACCGTATATCCTATGGCCCTGACTG
HEXA_20,SpCas9H840A,GATCCTTCCAGTCAGGGCCAT,GTTTTAGAGCTAGAAATAGCAAGTTAAAATAAGGCTAGTCCGTTATCAACTTGAAAAAGTGGCACCGAGTCGGTGC,TGGTACCTGAACCGTATATCCTATGGCCCTGACTG
HEXA_21,SpCas9H840A,GATCCTTCCAGTCAGGGCCAT,GTTTTAGAGCTAGAAATAGCAAGTTAAAATAAGGCTAGTCCGTTATCAACTTGAAAAAGTGGCACCGAGTCGGTGC,TGAACCGTATATCTTATGGCCCTGACTGGAAGG
HEK3_ED10_2GtoC,SpCas9H840A,GGCCCAGACTGAGCACGTGA,GTTTTAGAGCTAGAAATAGCAAGTTAAAATAAGGCTAGTCCGTTATCAACTTGAAAAAGTGGCACCGAGTCGGTGC,TCTGCCATGACGTGCTCAGTCTG
EMX1_ED10_1GtoC,SpCas9H840A,GAGTCCGAGCAGAAGAAGAA,GTTTTAGAGCTAGAAATAGCAAGTTAAAATAAGGCTAGTCCGTTATCAACTTGAAAAAGTGGCACCGAGTCGGTGC,GTGATGGGAGCCCTTGTTCTTCTGCTCGG
FANCF_ED10_5GtoT,SpCas9H840A,GGAATCCCTTCTGCAGCACC,GTTTTAGAGCTAGAAATAGCAAGTTAAAATAAGGCTAGTCCGTTATCAACTTGAAAAAGTGGCACCGAGTCGGTGC,GGAAAAGCGATCAAGGTGCTGCAGAAGGGA
HEK3_ED10_1His6ins,SpCas9H840A,GGCCCAGACTGAGCACGTGA,GTTTTAGAGCTAGAAATAGCAAGTTAAAATAAGGCTAGTCCGTTATCAACTTGAAAAAGTGGCACCGAGTCGGTGC,TGGAGGAAGCAGGGCTTCCTTTCCTCTGCCATCAATGATGGTGATGATGGTGCGTGCTCAGTCTG
HEK3_ED10_5GtoT,SpCas9H840A,GGCCCAGACTGAGCACGTGA,GTTTTAGAGCTAGAAATAGCAAGTTAAAATAAGGCTAGTCCGTTATCAACTTGAAAAAGTGGGACCGAGTCGGTCC,TCTGCAATCACGTGCTCAGTCTG
HEK3_ED10_1CTTins,SpCas9H840A,GGCCCAGACTGAGCACGTGA,GTTTTAGAGCTAGAAATAGCAAGTTAAAATAAGGCTAGTCCGTTATCAACTTGAAAAAGTGGGACCGAGTCGGTCC,TCTGCCATCAAAGCGTGCTCAGTCTG
HEK3_ED10_1TtoG,SpCas9H840A,GGCCCAGACTGAGCACGTGA,GTTTTAGAGCTAGAAATAGCAAGTTAAAATAAGGCTAGTCCGTTATCAACTTGAAAAAGTGGGACCGAGTCGGTCC,TCTGCCATCCCGTGCTCAGTCTG
HEK3_ED10_3AtoC,SpCas9H840A,GGCCCAGACTGAGCACGTGA,GTTTTAGAGCTAGAAATAGCAAGTTAAAATAAGGCTAGTCCGTTATCAACTTGAAAAAGTGGGACCGAGTCGGTCC,TCTGCCAGCACGTGCTCAGTCTG
HEK3_ED10_3AtoT,SpCas9H840A,GGCCCAGACTGAGCACGTGA,GTTTTAGAGCTAGAAATAGCAAGTTAAAATAAGGCTAGTCCGTTATCAACTTGAAAAAGTGGGACCGAGTCGGTCC,TCTGCCAACACGTGCTCAGTCTG
HEK3_ED10_3AtoT_5-6GGtoTT,SpCas9H840A,GGCCCAGACTGAGCACGTGA,GTTTTAGAGCTAGAAATAGCAAGTTAAAATAAGGCTAGTCCGTTATCAACTTGAAAAAGTGGCACCGAGTCGGTGC,TGGAGGAAGCAGGGCTTCCTTTCCTCTGAAAACACGTGCTCAGTCTG
RNF2_ED10_1CtoA,SpCas9H840A,GTCATCTTAGTCATTACCTG,GTTTTAGAGCTAGAAATAGCAAGTTAAAATAAGGCTAGTCCGTTATCAACTTGAAAAAGTGGCACCGAGTCGGTGC,AACGAACACCTCATGTAATGACTAAGATG
RNF2_ED10_1CtoG,SpCas9H840A,GTCATCTTAGTCATTACCTG,GTTTTAGAGCTAGAAATAGCAAGTTAAAATAAGGCTAGTCCGTTATCAACTTGAAAAAGTGGCACCGAGTCGGTGC,AACGAACACCTCACGTAATGACTAAGATG
RNF2_ED10_1GTAins,SpCas9H840A,GTCATCTTAGTCATTACCTG,GTTTTAGAGCTAGAAATAGCAAGTTAAAATAAGGCTAGTCCGTTATCAACTTGAAAAAGTGGCACCGAGTCGGTGC,AACGAACACCTCAGTACGTAATGACTAAGATG
HBB_ED10_4AtoT,SpCas9H840A,GCATGGTGCACCTGACTCCTG,GTTTTAGAGCTAGAAATAGCAAGTTAAAATAAGGCTAGTCCGTTATCAACTTGAAAAAGTGGCACCGAGTCGGTGC,AGACTTCTCCACAGGAGTCAGGTGCAC
PRNP_ED10_6GtoT,SpCas9H840A,GCAGTGGTGGGGGGCCTTGG,GTTTTAGAGCTAGAAATAGCAAGTTAAAATAAGGCTAGTCCGTTATCAACTTGAAAAAGTGGCACCGAGTCGGTGC,ATGTAGACGCCAAGGCCCCCCACC
